,ADDRESS,STATE,CITY,ZIP,latitude,longitude,COSTCO_HEARING_CENTER
0,5225 COMMERCIAL BLVD,AK,JUNEAU,99801,58.35778,-134.482631,Yes
1,48 COLLEGE RD,AK,FAIRBANKS,99701,64.851944,-147.708494,Yes
2,4125 DEBARR RD,AK,ANCHORAGE,99508,61.20968,-149.80429,Yes
3,330 W DIMOND BLVD,AK,ANCHORAGE,99515,61.1446,-149.885433,Yes
4,1205 N. MEMORIAL PKWY,AL,HUNTSVILLE,35801,34.742422,-86.601066,Yes
5,3650 GALLERIA CIR,AL,HOOVER,35244,33.379079,-86.811453,Yes
6,8251 EASTCHASE PKWY,AL,MONTGOMERY,36117,32.363886,-86.15088,Yes
7,1450 TINGLE CIRCLE WEST,AL,MOBILE,36606,30.647386,-88.119292,Yes
8,16901 CHENAL PARKWAY,AR,LITTLE ROCK,72223,34.757188,-92.453639,Yes
9,3911 E STATE ROUTE 69,AZ,PRESCOTT,86301,34.548006,-112.396774,Yes
10,1444 S SOSSAMAN RD,AZ,MESA,85209,33.392191,-111.667523,Yes
11,15255 N HAYDEN RD,AZ,SCOTTSDALE,85260,33.624136,-111.901912,Yes
12,2450 E BEARDSLEY RD,AZ,PHOENIX,85050,33.66957,-112.02916,Yes
13,4570 E CACTUS RD,AZ,PHOENIX,85032,33.599661,-111.983217,Yes
14,2887 S MARKET ST,AZ,GILBERT,85295,33.297538,-111.747827,Yes
15,1415 N ARIZONA AVE,AZ,GILBERT,85233,33.375409,-111.842325,Yes
16,19001 N 27TH AVE,AZ,PHOENIX,85027,33.659357,-112.115464,Yes
17,6255 EAST GRANT ROAD,AZ,TUCSON,85712,32.2519,-110.859,Yes
18,4502 E OAK ST,AZ,PHOENIX,85008,33.47292,-111.98484,Yes
19,595 S GALLERIA WAY,AZ,CHANDLER,85226,33.294814,-111.898568,Yes
20,1445 W ELLIOT RD,AZ,TEMPE,85284,33.349027,-111.958687,Yes
21,3901 W COSTCO DR,AZ,TUCSON,85741,32.327402,-111.048018,Yes
22,17550 N 79TH AVE,AZ,GLENDALE,85308,33.643778,-112.230948,Yes
23,1650 E TUCSON MARKETPLACE BLVD,AZ,TUCSON,85713,32.181912,-110.946742,Yes
24,10000 W MCDOWELL RD,AZ,AVONDALE,85392,33.464736,-112.275458,Yes
25,16385 W. WADDELL RD.,AZ,SURPRISE,85388,33.610013,-112.41034,Yes
26,2030 N IMPERIAL AVE,CA,EL CENTRO,92243,32.812089,-115.57,Yes
27,79795 HIGHWAY 111,CA,LA QUINTA,92253,33.70727,-116.272325,Yes
28,72800 DINAH SHORE DR,CA,PALM DESERT,92211,33.801928,-116.390717,Yes
29,14555 VALLEY CENTER DR,CA,VICTORVILLE,92395,34.515375,-117.319773,Yes
30,1099 E HOSPITALITY LN,CA,SAN BERNARDINO,92408,34.0689,-117.2613,Yes
31,12700 DAY ST,CA,MORENO VALLEY,92553,33.938333,-117.278735,Yes
32,16505 SIERRA LAKES PKWY,CA,FONTANA,92336,34.138639,-117.44383,Yes
33,26610 YNEZ RD,CA,TEMECULA,92591,33.519961,-117.156391,Yes
34,11800 4TH ST,CA,RANCHO CUCAMONGA,91730,34.07731,-117.546884,Yes
35,29315 CENTRAL AVE,CA,LAKE ELSINORE,92532,33.694823,-117.334428,Yes
36,5030 HAMNER AVE,CA,EASTVALE,91752,33.98629,-117.558314,Yes
37,480 N MCKINLEY ST,CA,CORONA,92879,33.890275,-117.521217,Yes
38,9404 CENTRAL AVE,CA,MONTCLAIR,91763,34.08311,-117.689645,Yes
39,725 CENTER DRIVE,CA,SAN MARCOS,92069,33.13661,-117.124461,Yes
40,12155 TECH CENTER DR,CA,POWAY,92064,32.937108,-117.03646,Yes
41,12350 CARMEL MOUNTAIN RD,CA,SAN DIEGO,92128,32.987689,-117.075568,Yes
42,13111 PEYTON DR,CA,CHINO HILLS,91709,34.014402,-117.744959,Yes
43,101 TOWN CENTER PKWY,CA,SANTEE,92071,32.841359,-116.988627,Yes
44,520 N LONE HILL AVE,CA,SAN DIMAS,91773,34.112315,-117.828851,Yes
45,1141 W AVENUE L,CA,LANCASTER,93534,34.66037,-118.149186,Yes
46,1755 HACIENDA DR,CA,VISTA,92081,33.187249,-117.276272,Yes
47,8125 FLETCHER PKWY,CA,LA MESA,91942,32.775438,-117.022153,Yes
48,22633 SAVI RANCH PKWY,CA,YORBA LINDA,92887,33.874883,-117.743343,Yes
49,1220 W FOOTHILL BLVD,CA,AZUSA,91702,34.13356,-117.925593,Yes
50,951 PALOMAR AIRPORT RD,CA,CARLSBAD,92011,33.121947,-117.316953,Yes
51,895 E H ST,CA,CHULA VISTA,91910,32.635959,-117.025197,Yes
52,7803 OTHELLO AVE,CA,SAN DIEGO,92111,32.81625,-117.153656,No
53,2345 FENTON PKWY,CA,SAN DIEGO,92108,32.780234,-117.130218,Yes
54,17550 CASTLETON ST,CA,CITY OF INDUSTRY,91748,33.995125,-117.921253,Yes
55,27972 CABOT RD,CA,LAGUNA NIGUEL,92677,33.5556,-117.6768,No
56,115 TECHNOLOGY DR,CA,IRVINE,92618,33.66098,-117.743556,Yes
57,650 GATEWAY CENTER DR,CA,SAN DIEGO,92102,32.712361,-117.114195,Yes
58,2655 EL CAMINO REAL,CA,TUSTIN,92782,33.726883,-117.796482,No
59,27220 HEATHER RIDGE RD,CA,LAGUNA NIGUEL,92677,33.568405,-117.712114,Yes
60,4605 MORENA BLVD,CA,SAN DIEGO,92117,32.821913,-117.224561,Yes
61,1130 BROADWAY,CA,CHULA VISTA,91911,32.608877,-117.080901,Yes
62,33961 DOHENY PARK RD,CA,SAN JUAN CAPISTRANO,92675,33.46942,-117.67562,Yes
63,2700 PARK AVE,CA,TUSTIN,92782,33.6994,-117.8239,Yes
64,900 S HARBOR BLVD,CA,FULLERTON,92832,33.86264,-117.92428,Yes
65,101 N BEACH BLVD,CA,LA HABRA,90631,33.9329,-117.9701,Yes
66,11000 GARDEN GROVE BLVD,CA,GARDEN GROVE,92843,33.77405,-117.94099,Yes
67,2000 MARKET PLACE DR,CA,MONTEREY PARK,91755,34.036951,-118.103676,Yes
68,2207 W COMMONWEALTH AVE,CA,ALHAMBRA,91803,34.08785,-118.148068,Yes
69,17900 NEWHOPE ST,CA,FOUNTAIN VALLEY,92708,33.70371,-117.93452,Yes
70,6333 TELEGRAPH RD,CA,COMMERCE,90040,33.994744,-118.143159,No
71,12324 HOXIE AVE,CA,NORWALK,90650,33.922098,-118.103701,Yes
72,1405 W CAMERON AVE,CA,VISALIA,93277,36.294152,-119.305673,Yes
73,5401 KATELLA AVE,CA,CYPRESS,90720,33.80306,-118.03864,Yes
74,7562 CENTER AVE,CA,HUNTINGTON BEACH,92647,33.73397,-117.99645,Yes
75,2901 LOS FELIZ BLVD,CA,LOS ANGELES,90039,34.12645,-118.26287,Yes
76,1051 W BURBANK BLVD,CA,BURBANK,91506,34.183815,-118.323158,Yes
77,18649 VIA PRINCESSA,CA,SANTA CLARITA,91387,34.403266,-118.4605,Yes
78,340 LAKEWOOD CENTER MALL,CA,LAKEWOOD,90712,33.85045,-118.141779,Yes
79,11428 SHERMAN WAY,CA,NORTH HOLLYWOOD,91605,34.201185,-118.380211,No
80,13550 PAXTON ST,CA,PACOIMA,91331,34.27248,-118.42784,Yes
81,2200 E WILLOW ST,CA,SIGNAL HILL,90755,33.80436,-118.16547,Yes
82,3800 ROSEDALE HWY,CA,BAKERSFIELD,93308,35.383357,-119.046601,Yes
83,2270 CLOVIS AVE,CA,CLOVIS,93612,36.806053,-119.700918,Yes
84,6100 SEPULVEDA BLVD,CA,VAN NUYS,91411,34.1818,-118.4643,Yes
85,4900 PANAMA LN,CA,BAKERSFIELD,93313,35.2959,-119.05669,Yes
86,3560 W CENTURY BLVD,CA,INGLEWOOD,90303,33.945467,-118.334508,Yes
87,8810 TAMPA AVE,CA,NORTHRIDGE,91324,34.230137,-118.553546,Yes
88,7100 N ABBY ST,CA,FRESNO,93720,36.84222,-119.78875,Yes
89,14501 HINDRY AVENUE,CA,HAWTHORNE,90250,33.899,-118.3729,Yes
90,2640 LOMITA BLVD,CA,TORRANCE,90505,33.807559,-118.331744,Yes
91,2395 E LACEY BLVD,CA,HANFORD,93230,36.3259849,-119.6069726,Yes
92,13463 WASHINGTON BLVD,CA,MARINA DEL REY,90292,33.991127,-118.446494,Yes
93,21800 VICTORY BLVD,CA,WOODLAND HILLS,91367,34.187371,-118.603486,Yes
94,4500 W SHAW AVE,CA,FRESNO,93722,36.8092,-119.8736,Yes
95,2660 PARK CENTER DR,CA,SIMI VALLEY,93065,34.282956,-118.79738,Yes
96,5700 LINDERO CANYON RD,CA,WESTLAKE VILLAGE,91362,34.1527,-118.797152,Yes
97,1445 R ST,CA,MERCED,95340,37.301896,-120.494021,Yes
98,2001 E VENTURA BLVD,CA,OXNARD,93036,34.2237,-119.15018,Yes
99,1800 CAVITT DR,CA,FOLSOM,95630,38.64604,-121.11105,Yes
100,2955 N TEGNER RD,CA,TURLOCK,95380,37.520322,-120.887638,Yes
101,6750 STANFORD RANCH RD,CA,ROSEVILLE,95678,38.7818,-121.26572,Yes
102,11260 WHITE ROCK RD,CA,RANCHO CORDOVA,95742,38.589992,-121.263768,Yes
103,7000 AUBURN BLVD,CA,CITRUS HEIGHTS,95621,38.692449,-121.296761,Yes
104,3801 PELANDALE AVE,CA,MODESTO,95356,37.70012,-121.06609,Yes
105,2680 REYNOLDS RANCH PKWY,CA,LODI,95240,38.099813,-121.266331,Yes
106,7981 E STOCKTON BLVD,CA,SACRAMENTO,95823,38.467519,-121.415378,Yes
107,1616 E HAMMER LN,CA,STOCKTON,95210,38.020832,-121.292427,Yes
108,1600 EXPO PKWY,CA,SACRAMENTO,95815,38.5975,-121.4525,Yes
109,7400 ELK GROVE BLVD,CA,ELK GROVE,95757,38.4087315,-121.4095122,Yes
110,2440 DANIELS ST,CA,MANTECA,95337,37.786333,-121.256003,Yes
111,7095 MARKET PLACE DR,CA,GOLETA,93117,34.42802,-119.87348,Yes
112,2100 DR MLK JR PKWY,CA,CHICO,95928,39.723047,-121.810109,Yes
113,2299 BRONZE STAR DR,CA,WOODLAND,95776,38.673269,-121.723721,Yes
114,3250 W GRANT LINE RD,CA,TRACY,95304,37.75405,-121.475661,Yes
115,1700 S. BRADLEY RD.,CA,SANTA MARIA,93454,34.924557,-120.419403,Yes
116,1540 FROOM RANCH WAY,CA,SAN LUIS OBISPO,93405,35.25182,-120.688876,Yes
117,4805 BECHELLI LANE,CA,REDDING,96002,,,Yes
118,1300 DANA DR,CA,REDDING,96003,40.58575,-122.34735,Yes
119,2201 VERNE ROBERTS CIR,CA,ANTIOCH,94509,38.00997,-121.832833,Yes
120,7251 CAMINO ARROYO,CA,GILROY,95020,37.008691,-121.554466,Yes
121,1051 HUME WAY,CA,VACAVILLE,95687,38.350395,-121.98133,Yes
122,2800 INDEPENDENCE DR,CA,LIVERMORE,94551,37.7023,-121.81067,Yes
123,6898 RALEIGH ROAD,CA,SAN JOSE,95119,37.243844,-121.785206,Yes
124,3150 FOSTORIA WAY,CA,DANVILLE,94526,37.781597,-121.975034,Yes
125,2400 MONUMENT BLVD,CA,CONCORD,94520,37.95949,-122.03451,Yes
126,2201 SENTER RD,CA,SAN JOSE,95112,37.31125,-121.85128,Yes
127,1709 AUTOMATION PKWY,CA,SAN JOSE,95131,37.38922,-121.88307,Yes
128,1339 N DAVIS RD,CA,SALINAS,93907,36.703445,-121.666955,Yes
129,5301 ALMADEN EXPY,CA,SAN JOSE,95118,37.25427,-121.87582,Yes
130,43621 PACIFIC COMMONS BLVD,CA,FREMONT,94538,37.502499,-121.971421,Yes
131,1601 COLEMAN AVE,CA,SANTA CLARA,95050,37.35771,-121.93725,Yes
132,198 PLAZA DR,CA,VALLEJO,94591,38.131561,-122.215251,Yes
133,150 LAWRENCE STATION RD,CA,SUNNYVALE,94086,37.372205,-121.995957,Yes
134,28505 HESPERIAN BLVD,CA,HAYWARD,94545,37.617136,-122.08834,Yes
135,35875 WARM SPRINGS PARKWAY,CA,MURRIETA,92563,,,Yes
136,1900 DAVIS ST,CA,SAN LEANDRO,94577,37.718203,-122.180726,Yes
137,1000 N RENGSTORFF AVE,CA,MOUNTAIN VIEW,94043,37.41961,-122.09315,Yes
138,801 TIOGA AVE,CA,SAND CITY,93955,36.616711,-121.846725,Yes
139,4801 CENTRAL AVENUE,CA,RICHMOND,94804,37.898,-122.3206,Yes
140,220 SYLVANIA AVE,CA,SANTA CRUZ,95060,36.985102,-122.03482,Yes
141,2300 MIDDLEFIELD RD,CA,REDWOOD CITY,94063,37.4801,-122.21705,Yes
142,1001 METRO CENTER BLVD,CA,FOSTER CITY,94404,37.5608,-122.27472,Yes
143,450 10TH ST,CA,SAN FRANCISCO,94103,37.77099,-122.41052,Yes
144,900 DUBUQUE AVE,CA,SOUTH SAN FRANCISCO,94080,37.66173,-122.40163,No
145,451 S AIRPORT BLVD,CA,SOUTH SAN FRANCISCO,94080,37.641412,-122.402563,Yes
146,300 VINTAGE WAY,CA,NOVATO,94945,38.086361,-122.551722,Yes
147,1600 EL CAMINO REAL,CA,SOUTH SAN FRANCISCO,94080,37.66462,-122.44919,Yes
148,1900 SANTA ROSA AVE,CA,SANTA ROSA,95407,38.42007,-122.71229,Yes
149,5901 REDWOOD DR,CA,ROHNERT PARK,94928,38.352139,-122.715381,Yes
150,1275 AIRPORT PARK BLVD,CA,UKIAH,95482,39.1272227,-123.1967938,Yes
151,1006 W WABASH AVE,CA,EUREKA,95501,40.79244091,-124.1824341,Yes
152,18414 COTTONWOOD DR,CO,PARKER,80138,39.55879,-104.776443,Yes
153,1471 S HAVANA ST,CO,AURORA,80012,39.689939,-104.86595,Yes
154,5885 BARNES RD,CO,COLORADO SPRINGS,80922,38.89349,-104.71827,Yes
155,8686 PARK MEADOWS CENTER DR,CO,LITTLETON,80124,39.560636,-104.878905,Yes
156,5050 N NEVADA AVE,CO,COLORADO SPRINGS,80918,38.90399,-104.81731,Yes
157,16375 N. WASHINGTON ST,CO,THORNTON,80023,39.993433,-104.978226,Yes
158,4705 WEITZEL ST,CO,TIMNATH,80547,40.520491,-104.989036,Yes
159,4000 RIVER POINT PKWY,CO,SHERIDAN,80110,39.644394,-105.006393,Yes
160,6400 W 92ND AVE,CO,WESTMINSTER,80031,39.863667,-105.066961,Yes
161,5195 WADSWORTH BLVD,CO,ARVADA,80002,39.791059,-105.08147,Yes
162,7900 W QUINCY AVE,CO,LITTLETON,80123,39.638706,-105.085093,Yes
163,600 MARSHALL RD,CO,SUPERIOR,80027,39.95974,-105.17175,Yes
164,170 COOLEY MESA RD,CO,GYPSUM,81637,39.643382,-106.888696,Yes
165,779 CONNECTICUT AVENUE,CT,NORWALK,6854,41.092,-73.452,Yes
166,200 FEDERAL RD,CT,BROOKFIELD,6804,41.44289,-73.40487,Yes
167,1718 BOSTON POST RD,CT,MILFORD,6460,41.248982,-73.023517,Yes
168,3600 E MAIN ST,CT,WATERBURY,6705,41.543019,-72.971329,Yes
169,405 HARTFORD RD,CT,NEW BRITAIN,6053,41.70934,-72.76613,Yes
170,75 FRESHWATER BLVD,CT,ENFIELD,6082,41.9935,-72.576,Yes
171,1220 TAMARACK AVE,CT,SOUTH WINDSOR,6074,41.8177274,-72.5566389,Yes
172,284 FLANDERS RD,CT,EAST LYME,6333,41.359479,-72.212771,Yes
173,2441 MARKET ST NE,DC,WASHINGTON,20018,38.920362,-76.950368,Yes
174,900 CENTER BLVD,DE,NEWARK,19702,39.675369,-75.649492,Yes
175,4067 LAGNIAPPE WAY,FL,TALLAHASSEE,32317,30.461111,-84.212508,Yes
176,8000 PARRAMORE RD,FL,JACKSONVILLE,32244,30.202373,-81.756201,Yes
177,4901 GATE PKWY,FL,JACKSONVILLE,32246,30.251534,-81.535932,Yes
178,2655 GULF TO BAY BLVD,FL,CLEARWATER,33759,27.960478,-82.728188,Yes
179,8712 W LINEBAUGH AVE,FL,TAMPA,33625,28.04428,-82.58091,Yes
180,2225 GRAND CYPRESS DR,FL,LUTZ,33559,28.190995,-82.393039,Yes
181,10921 CAUSEWAY BLVD,FL,BRANDON,33511,27.922973,-82.33153,Yes
182,741 ORANGE AVE,FL,ALTAMONTE SPRINGS,32714,28.66183,-81.41494,Yes
183,4696 GARDENS PARK BLVD,FL,ORLANDO,32839,28.496131,-81.4257567,Yes
184,3333 UNIVERSITY BLVD,FL,WINTER PARK,32792,28.597438,-81.301466,Yes
185,805 LIGHTHOUSE DRIVE,FL,BRADENTON,34212,27.4959,-82.4713,Yes
186,215 WORLD COMMERCE PARKWAY,FL,ST. AUGUSTINE,32092,,,Yes
187,8201 S TAMIAMI TRL UNIT 501,FL,SARASOTA,34238,27.23332,-82.49758,Yes
188,4305 PINEDA CAUSEWAY,FL,MELBOURNE,32940,28.18942,-80.719726,Yes
189,7171 CYPRESS LAKE DR,FL,FORT MYERS,33907,26.546143,-81.87511,Yes
190,10088 GULF CENTER DR,FL,FORT MYERS,33913,26.48857,-81.78635,Yes
191,6275 NAPLES BLVD,FL,NAPLES,34109,26.219403,-81.772904,Yes
192,3250 NORTHLAKE BLVD,FL,PALM BEACH GARDENS,33403,26.808339,-80.086924,Yes
193,11001 SOUTHERN BLVD,FL,ROYAL PALM BEACH,33411,26.68102,-80.2195,Yes
194,1873 LANTANA RD,FL,LANTANA,33462,26.587399,-80.071249,Yes
195,4621 CORAL RIDGE DR.,FL,CORAL SPRINGS,33076,26.287747,-80.2824665,Yes
196,17800 CONGRESS AVE,FL,BOCA RATON,33487,26.41213,-80.10209,Yes
197,1800 W SAMPLE RD,FL,POMPANO BEACH,33064,26.274466,-80.148158,Yes
198,15915 PINES BLVD,FL,PEMBROKE PINES,33027,26.00776,-80.361207,Yes
199,1890 S UNIVERSITY DR,FL,DAVIE,33324,26.096724,-80.251043,Yes
200,16580 NW 59TH AVE,FL,MIAMI LAKES,33014,25.919146,-80.297293,No
201,7795 WEST FLAGLER STREET,FL,MIAMI,33144,25.774542,-80.321851,Yes
202,14800 SOLE MIA WAY,FL,NORTH MIAMI,33181,25.9137,-80.154222,Yes
203,13450 SW 120TH ST,FL,MIAMI,33186,25.656335,-80.412516,Yes
204,100 COBB PKWY,GA,RINGGOLD,30736,34.96726,-85.19344,Yes
205,1715 CHARLES HARDY PKWY,GA,DALLAS,30157,33.9204932,-84.7614352,Yes
206,113 LINCOLN ST,GA,WOODSTOCK,30188,34.119874,-84.5157021,Yes
207,645 BARRETT PARKWAY NW,GA,KENNESAW,30144,34.00476,-84.569131,Yes
208,2900 CUMBERLAND MALL SE,GA,ATLANTA,30339,33.88075,-84.47206,Yes
209,5550 PARKWAY BLVD,GA,ATHENS,30606,,,Yes
210,2855 JORDAN CT,GA,ALPHARETTA,30004,34.090796,-84.277026,Yes
211,6350 PEACHTREE DUNWOODY RD,GA,ATLANTA,30328,33.928124,-84.35192,Yes
212,1211 BALD RIDGE MARINA RD,GA,CUMMING,30041,34.2122,-84.116293,Yes
213,500 BROOKHAVEN AVE NE,GA,ATLANTA,30319,33.87185,-84.33537,Yes
214,40 FISCHER CROSSINGS DR,GA,SHARPSBURG,30277,33.400461,-84.621576,Yes
215,3980 VENTURE DR,GA,DULUTH,30096,33.94909,-84.143252,Yes
216,1550 MALL OF GEORGIA BLVD,GA,BUFORD,30519,34.061632,-83.995033,Yes
217,1700 MOUNT ZION RD,GA,MORROW,30260,33.57221,-84.332962,No
218,825 CABELA DR,GA,AUGUSTA,30909,33.523611,-82.020329,Yes
219,200 MOSAIC CIRCLE,GA,POOLER,31322,32.0806428,-81.27739327,Yes
220,540 HALEAKALA HWY,HI,KAHULUI,96732,20.88789,-156.450595,Yes
221,73-5600 MAIAU ST,HI,KAILUA KONA,96740,19.68668,-156.01999,Yes
222,333 A KEAHOLE STREET,HI,HONOLULU,96825,21.28413,-157.71037,Yes
223,525 ALAKAWA ST,HI,HONOLULU,96817,21.3182,-157.8705,Yes
224,94-1231 KA UKA BLVD,HI,WAIPAHU,96797,21.41951,-158.00574,Yes
225,4589 KAPOLEI PKWY,HI,KAPOLEI,96707,21.327927,-158.08837,Yes
226,4300 NUHOU ST.,HI,LIHUE,96766,21.967733,-159.382315,Yes
227,7205 MILLS CIVIC PKWY,IA,WEST DES MOINES,50266,41.56148,-93.805176,Yes
228,2900 HEARTLAND DR,IA,CORALVILLE,52241,41.69812,-91.61474,Yes
229,2790 E 53RD ST,IA,DAVENPORT,52807,41.574795,-90.524329,Yes
230,4000 NE SPECTRUM DRIVE,IA,ANKENY,50021,,,Yes
231,2495 E. LINCOLN ROAD,ID,IDAHO FALLS,83401,43.511564,-111.984289,Yes
232,305 W QUINN RD,ID,POCATELLO,83201,42.905853,-112.455124,Yes
233,731 POLE LINE RD,ID,TWIN FALLS,83301,42.5929619,-114.4641176,Yes
234,2051 S COLE RD,ID,BOISE,83709,43.584761,-116.27414,Yes
235,3403 W. CHINDEN BLVD,ID,MERIDIAN,83646,43.6610822,-116.4362837,Yes
236,16700 N MARKET PLACE BLVD,ID,NAMPA,83687,43.61421,-116.591892,Yes
237,355 E NEIDER AVE,ID,COEUR D' ALENE,83815,47.707993,-116.781828,Yes
238,301 W WASHINGTON ST,IL,EAST PEORIA,61611,40.668718,-89.583786,Yes
239,5000 STADIUM DRIVE,IL,LOVES PARK,61111,42.32126,-88.961625,Yes
240,2002 N. NEIL ST,IL,CHAMPAIGN,61820,40.1405327,-88.2449229,Yes
241,221 S RANDALL RD,IL,SAINT CHARLES,60174,41.90885,-88.339954,Yes
242,250 N RANDALL RD,IL,LAKE IN THE HILLS,60156,42.179,-88.3383,Yes
243,1320 S ROUTE 59,IL,NAPERVILLE,60564,41.727494,-88.206013,Yes
244,16261 S. BOULEVARD PLACE,IL,PLAINFIELD,60586,41.5888021,-88.1690002,Yes
245,1255 EAST OGDEN AVE,IL,NAPERVILLE,60563,41.79853024,-88.12367612,Yes
246,505 W ARMY TRAIL RD,IL,BLOOMINGDALE,60108,41.939574,-88.129776,Yes
247,830 E BOUGHTON RD,IL,BOLINGBROOK,60440,41.726343,-88.033104,Yes
248,680 S RAND RD,IL,LAKE ZURICH,60047,42.184931,-88.092111,Yes
249,1375 N MEACHAM RD,IL,SCHAUMBURG,60173,42.05506,-88.044993,Yes
250,1901 W 22ND ST,IL,OAK BROOK,60523,41.846399,-87.962962,Yes
251,9915 W 159TH ST,IL,ORLAND PARK,60467,41.601236,-87.8601,Yes
252,999 N ELMHURST RD,IL,MOUNT PROSPECT,60056,42.083219,-87.93683,Yes
253,8400 W NORTH AVE,IL,MELROSE PARK,60160,41.90837,-87.83499,Yes
254,2500 SOUTH HARLEM AVE,IL,NORTH RIVERSIDE,60546,41.844613,-87.807113,Yes
255,25901 RIVERWOODS RD,IL,METTAWA,60045,42.23641,-87.90391,Yes
256,7300 S CICERO AVE,IL,CHICAGO,60629,41.76014,-87.74174,No
257,2900 PATRIOT BLVD,IL,GLENVIEW,60026,42.10668,-87.82247,Yes
258,7311 N MELVINA AVE,IL,NILES,60714,42.012081,-87.781808,Yes
259,1430 S ASHLAND AVE,IL,CHICAGO,60608,41.862588,-87.666296,Yes
260,2746 N CLYBOURN AVE,IL,CHICAGO,60614,41.931087,-87.676734,Yes
261,1310 E 79TH AVE,IN,MERRILLVILLE,46410,41.473777,-87.321652,Yes
262,1201 CROSS POINTE PL,IN,EVANSVILLE,47715,37.988621,-87.463817,Yes
263,8816 DR. CHARLES NELSON DRIVE,IN,AVON,46123,39.76470636,-86.36369775,Yes
264,9010 MICHIGAN RD,IN,INDIANAPOLIS,46268,39.916011,-86.224994,Yes
265,625 E UNIVERSITY DR,IN,GRANGER,46530,41.720402,-86.173155,Yes
266,4628 E COUNTY LINE RD,IN,INDIANAPOLIS,46237,39.636234,-86.08947,Yes
267,6110 E 86TH ST,IN,INDIANAPOLIS,46250,39.914227,-86.061607,Yes
268,5110 VALUE DR,IN,FORT WAYNE,46808,41.125035,-85.155717,Yes
269,9700 E KELLOGG,KS,WICHITA,67207,37.67975,-97.224893,Yes
270,9350 MARSHALL DR,KS,LENEXA,66215,38.958687,-94.731243,Yes
271,12221 BLUE VALLEY PKWY,KS,OVERLAND PARK,66213,38.9069,-94.670682,Yes
272,3408 BARDSTOWN RD,KY,LOUISVILLE,40218,38.20496,-85.66621,Yes
273,5020 NORTON HEALTHCARE BLVD,KY,LOUISVILLE,40241,38.31501,-85.57357,Yes
274,800 HEIGHTS BLVD,KY,FLORENCE,41042,38.98771,-84.64699,Yes
275,1500 FITZGERALD CT,KY,LEXINGTON,40509,38.025174,-84.40741,Yes
276,201 MEADOW FARM RD,LA,LAFAYETTE,70508,30.155903,-92.042704,Yes
277,10000 DAWNADELE AVE BLDG A,LA,BATON ROUGE,70809,30.419945,-91.07271,Yes
278,3900 DUBLIN ST,LA,NEW ORLEANS,70118,29.96749,-90.11015,Yes
279,119 DAGGETT DR,MA,WEST SPRINGFIELD,1089,42.132364,-72.621674,Yes
280,71 2ND AVE,MA,WALTHAM,2451,42.396471,-71.264089,Yes
281,200 LEGACY BLVD,MA,DEDHAM,2026,42.23103,-71.17493,No
282,2 MYSTIC VIEW RD,MA,EVERETT,2149,42.401557,-71.070461,Yes
283,120 STOCKWELL DR,MA,AVON,2322,42.134923,-71.067857,Yes
284,11 NEWBURY ST,MA,DANVERS,1923,42.556821,-70.979108,Yes
285,10 MONOCACY BLVD,MD,FREDERICK,21704,39.402357,-77.410548,Yes
286,880 RUSSELL AVE,MD,GAITHERSBURG,20879,39.157055,-77.212713,Yes
287,11160 VEIRS MILL RD,MD,WHEATON,20902,39.035686,-77.055739,Yes
288,10925 BALTIMORE AVE,MD,BELTSVILLE,20705,39.033006,-76.910084,Yes
289,10270 MILL RUN CIRCLE,MD,OWINGS MILLS,21117,39.4042173,-76.7894242,Yes
290,6675 MARIE CURIE DR,MD,ELKRIDGE,21075,39.186713,-76.795161,Yes
291,2400 FIVE LEES LN,MD,GLENARDEN,20706,38.92234,-76.85096,Yes
292,16006 CRAIN HWY,MD,BRANDYWINE,20613,38.66888,-76.87602,Yes
293,7077 ARUNDEL MILLS CIR,MD,HANOVER,21076,39.154633,-76.729999,Yes
294,575 E ORDNANCE RD,MD,GLEN BURNIE,21060,39.196883,-76.596885,Yes
295,9919 PULASKI HWY,MD,BALTIMORE,21220,39.359175,-76.447262,Yes
296,5100 CENTURY AVE,MI,KALAMAZOO,49006,42.270955,-85.648153,Yes
297,4901 WILSON AVE SW,MI,WYOMING,49418,42.875941,-85.762641,Yes
298,5100 28TH ST SE,MI,GRAND RAPIDS,49512,42.912709,-85.544536,Yes
299,125 E SOUTH AIRPORT RD,MI,TRAVERSE CITY,49686,44.735546,-85.570036,Yes
300,2540 E SAGINAW HIGHWAY,MI,EAST LANSING,48823,42.75213,-84.4475,Yes
301,4816 BAY CITY RD,MI,MIDLAND,48642,43.6042107,-84.1692328,Yes
302,771 AIRPORT BLVD,MI,ANN ARBOR,48108,42.231821,-83.740916,Yes
303,6700 WHITMORE LAKE RD,MI,BRIGHTON,48116,42.504493,-83.759392,Yes
304,20000 HAGGERTY RD,MI,LIVONIA,48152,42.41806,-83.43273,Yes
305,3000 COMMERCE XING,MI,COMMERCE TOWNSHIP,48390,42.53498,-83.44539,Yes
306,13700 MIDDLEBELT RD,MI,LIVONIA,48150,42.382444,-83.333641,Yes
307,2343 S TELEGRAPH RD,MI,BLOOMFIELD,48302,42.605136,-83.294351,Yes
308,400 BROWN RD,MI,AUBURN HILLS,48326,42.707355,-83.296195,Yes
309,30550 STEPHENSON HWY,MI,MADISON HEIGHTS,48071,42.516885,-83.119088,Yes
310,45460 MARKET ST,MI,SHELBY TOWNSHIP,48315,42.628894,-82.980793,Yes
311,27118 GRATIOT AVE,MI,ROSEVILLE,48066,42.495856,-82.937296,Yes
312,2020 COMMERCE DR NW,MN,ROCHESTER,55901,44.05099,-92.52051,Yes
313,14050 BURNHAVEN DR,MN,BURNSVILLE,55337,44.748827,-93.293062,Yes
314,12011 TECHNOLOGY DR,MN,EDEN PRAIRIE,55344,44.862129,-93.429645,Yes
315,5801 W 16TH ST,MN,SAINT LOUIS PARK,55416,44.967617,-93.350369,Yes
316,995 BLUE GENTIAN RD,MN,EAGAN,55121,44.85736,-93.129481,Yes
317,11330 FOUNTAINS DR,MN,MAPLE GROVE,55369,45.091573,-93.424037,Yes
318,3636 2ND ST S,MN,SAINT CLOUD,56301,45.549576,-94.202718,Yes
319,7070 TAMARACK ROAD,MN,WOODBURY,55125,44.938785,-92.963576,Yes
320,12547 RIVERDALE BLVD NW,MN,MINNEAPOLIS,55448,45.198629,-93.350161,Yes
321,1431 BEAM AVE,MN,MAPLEWOOD,55109,45.028044,-93.040862,Yes
322,13650 ELDER DR,MN,BAXTER,56425,46.349445,-94.249024,Yes
323,4611 W ARROWHEAD RD.,MN,DULUTH,55811,46.8233388,-92.1731843,Yes
324,1600 NW 88TH ST,MO,KANSAS CITY,64155,39.25469,-94.599115,Yes
325,241 E LINWOOD BLVD,MO,KANSAS CITY,64111,39.068352,-94.582584,Yes
326,19040 E VALLEY VIEW PKWY,MO,INDEPENDENCE,64055,39.036082,-94.355813,Yes
327,279 N. EASTGATE AVENUE,MO,SPRINGFIELD,65802,37.210172,-93.223047,Yes
328,200 COSTCO WAY,MO,SAINT PETERS,63376,38.796366,-90.608505,Yes
329,301 HIGHLANDS BLVD DRIVE,MO,MANCHESTER,63011,38.59694,-90.5054,Yes
330,4200 RUSTY RD,MO,SAINT LOUIS,63128,38.5083,-90.3392,Yes
331,700 HIGHLAND COLONY PKWY,MS,RIDGELAND,39157,32.422668,-90.146947,Yes
332,2290 KING AVE W,MT,BILLINGS,59102,45.755016,-108.568754,Yes
333,2505 CATRON ST,MT,BOZEMAN,59718,45.713402,-111.070516,Yes
334,2195 E CUSTER AVE,MT,HELENA,59602,46.616667,-112.005798,Yes
335,3220 N RESERVE ST,MT,MISSOULA,59808,46.894787,-114.03928,Yes
336,2330 US HIGHWAY 93 N,MT,KALISPELL,59901,48.23532,-114.33055,Yes
337,392 TALBERT RD,NC,MOORESVILLE,28117,35.582241,-80.852102,Yes
338,500 TYVOLA RD,NC,CHARLOTTE,28217,35.161881,-80.884567,Yes
339,1085 HANES MALL BLVD,NC,WINSTON SALEM,27103,36.0649,-80.3184,Yes
340,2125 MATTHEWS TOWNSHIP PKWY,NC,MATTHEWS,28105,35.127071,-80.703649,Yes
341,4201 W WENDOVER AVE,NC,GREENSBORO,27407,36.058,-79.884,Yes
342,1510 N POINTE DR,NC,DURHAM,27705,36.027504,-78.914197,Yes
343,1021 PINE PLAZA DR,NC,APEX,27523,35.746682,-78.827298,Yes
344,7800 FAYETTEVILLE RD.,NC,RALEIGH,27603,35.66786929,-78.6988198,Yes
345,2838 WAKE FOREST RD,NC,RALEIGH,27609,35.818,-78.6225,Yes
346,5351 GINGERWOOD DR,NC,WILMINGTON,28405,34.247273,-77.873289,Yes
347,750 23RD AVE EAST,ND,WEST FARGO,58078,46.844268,-96.88671,Yes
348,1325 57TH AVE NE,ND,BISMARCK,58503,46.8646835,-100.7712207,Yes
349,1620 PINE LAKE ROAD,NE,LINCOLN,68512,40.740257,-96.699317,Yes
350,12515 PORTSIDE PARKWAY,NE,LA VISTA,68128,41.17795,-96.10429,Yes
351,12300 W DODGE RD,NE,OMAHA,68154,41.263601,-96.102275,Yes
352,311 DANIEL WEBSTER HWY,NH,NASHUA,3060,,,Yes
353,650 GARDEN PARK BLVD,NJ,CHERRY HILL,8002,39.92369,-75.04084,Yes
354,2A WALTER E FORAN BLVD N,NJ,FLEMINGTON,8822,40.5220021,-74.8525651,Yes
355,100 CENTERTON RD,NJ,MOUNT LAUREL,8054,39.971254,-74.91201,Yes
356,4100 QUAKERBRIDGE RD,NJ,LAWRENCE TOWNSHIP,8648,40.28094,-74.67184,Yes
357,315 STATE ROUTE 15 N,NJ,WHARTON,7885,40.906521,-74.570598,Yes
358,325 PROMENADE BLVD,NJ,BRIDGEWATER,8807,40.564051,-74.555669,Yes
359,100 GRAND AVENUE,NJ,NORTH BRUNSWICK,8902,40.436314,-74.507129,Yes
360,1290 US HIGHWAY 22E,NJ,NORTH PLAINFIELD,7060,40.611762,-74.460034,Yes
361,156 SR-10 WEST,NJ,EAST HANOVER,7936,40.811858,-74.3803836,Yes
362,205 VINEYARD RD,NJ,EDISON,8817,40.528598,-74.377335,Yes
363,1055 HUDSON ST,NJ,UNION,7083,40.693519,-74.290249,Yes
364,149 STATE ROUTE 23,NJ,WAYNE,7470,40.890574,-74.249549,Yes
365,18 ROUTE 9 NORTH,NJ,MORGANVILLE,7751,40.360854,-74.303594,Yes
366,20 BRIDEWELL PL,NJ,CLIFTON,7014,40.83058,-74.135926,Yes
367,2835 ROUTE 35 N,NJ,HAZLET,7730,40.4199625,-74.1729754,Yes
368,245 STAFFORD PARK BLVD,NJ,STAFFORD TOWNSHIP,8050,39.70977,-74.287038,Yes
369,21 GOLDSBOROUGH DR,NJ,BAYONNE,7002,40.6731136,-74.1053398,Yes
370,2 TETERBORO LANDING DR,NJ,TETERBORO,7608,40.861256,-74.063649,Yes
371,80 S RIVER ST,NJ,HACKENSACK,7601,40.87709,-74.04119,No
372,465 ROUTE 70,NJ,BRICK,8723,40.056498,-74.155128,Yes
373,2361 STATE ROUTE 66,NJ,OCEAN,7712,40.24335,-74.04891,Yes
374,500 EUBANK BLVD SE,NM,ALBUQUERQUE,87123,35.068,-106.5307,Yes
375,9955 COORS BYPASS NW,NM,ALBUQUERQUE,87114,35.195629,-106.662036,Yes
376,1420 N RENAISSANCE BLVD NE,NM,ALBUQUERQUE,87107,35.137401,-106.616395,Yes
377,791 MARKS ST,NV,HENDERSON,89014,36.069,-115.0373,Yes
378,6555 N. DECATUR BLVD,NV,LAS VEGAS,89131,36.2783,-115.2093,Yes
379,3411 SAINT ROSE PKWY,NV,HENDERSON,89052,35.987559,-115.138791,Yes
380,801 S PAVILION CENTER DR,NV,LAS VEGAS,89144,36.1626,-115.333,Yes
381,4810 GALLERIA PKWY,NV,SPARKS,89436,39.579389,-119.740429,Yes
382,2200 HARVARD WAY,NV,RENO,89502,39.506822,-119.7858,Yes
383,700 OLD CLEAR CREEK RD,NV,CARSON CITY,89705,39.115779,-119.776127,Yes
384,335 WESTFALL ROAD,NY,ROCHESTER,14620,43.113911,-77.613645,Yes
385,120 TOWNSHIP BLVD,NY,CAMILLUS,13031,43.056663,-76.269757,Yes
386,2975 RICHMOND AVE,NY,STATEN ISLAND,10314,40.572622,-74.16985,Yes
387,50 OVERLOOK BLVD,NY,NANUET,10954,41.107345,-74.025694,Yes
388,976 3RD AVE,NY,BROOKLYN,11232,40.654786,-74.007424,Yes
389,3250 VERNON BLVD,NY,LONG ISLAND CITY,11106,40.767383,-73.937044,No
390,517 E 117TH ST,NY,NEW YORK,10035,40.795683,-73.932547,Yes
391,20 STEW LEONARD DR,NY,YONKERS,10710,40.973382,-73.863277,Yes
392,6135 JUNCTION BLVD,NY,REGO PARK,11374,40.7336,-73.863916,Yes
393,1 INDUSTRIAL LN,NY,NEW ROCHELLE,10805,40.8984,-73.79402,Yes
394,605 ROCKAWAY TPKE,NY,LAWRENCE,11559,40.631272,-73.738399,Yes
395,1 WESTCHESTER AVE,NY,PORT CHESTER,10573,41.00851,-73.69127,Yes
396,3705 HAMPTON RD,NY,OCEANSIDE,11572,40.61925,-73.652515,Yes
397,1250 OLD COUNTRY RD,NY,WESTBURY,11590,40.743759,-73.597842,Yes
398,625 BROADHOLLOW RD,NY,MELVILLE,11747,40.758929,-73.42204,Yes
399,10 GARET PL,NY,COMMACK,11725,40.806569,-73.286901,Yes
400,3000 MIDDLE COUNTRY RD,NY,NESCONSET,11767,40.86209,-73.13349,Yes
401,125 BEACON DR,NY,HOLBROOK,11741,40.776118,-73.05161,Yes
402,1768 OLD COUNTRY RD,NY,RIVERHEAD,11901,40.92454,-72.703683,Yes
403,1100 E KEMPER RD,OH,SPRINGDALE,45246,39.28639,-84.45158,Yes
404,9691 WATERSTONE BLVD,OH,CINCINNATI,45249,39.29672,-84.301719,Yes
405,5300 CORNERSTONE NORTH BLVD,OH,CENTERVILLE,45440,39.6607561,-84.1085705,Yes
406,26400 DIXIE HWY,OH,PERRYSBURG,43551,41.534849,-83.635551,Yes
407,3405 W CENTRAL AVE,OH,TOLEDO,43606,41.677306,-83.627642,Yes
408,7300 STATE ROUTE 161 E,OH,PLAIN CITY,43064,40.109677,-83.189049,Yes
409,1500 GEMINI PL,OH,COLUMBUS,43240,40.14842,-82.97776,Yes
410,3888 STELZER RD,OH,COLUMBUS,43219,40.051511,-82.908857,Yes
411,35804 DETROIT ROAD,OH,AVON,44011,41.458475,-82.015908,Yes
412,16690 ROYALTON RD,OH,STRONGSVILLE,44136,41.313032,-81.816754,Yes
413,6720 BASS PRO DR,OH,BOSTON HEIGHTS,44236,41.2632,-81.51267,Yes
414,1409 GOLDEN GATE BLVD,OH,CLEVELAND,44124,41.5247,-81.447,Yes
415,13200 N WESTERN AVE,OK,OKLAHOMA CITY,73114,35.604809,-97.530418,Yes
416,10220 S MEMORIAL DR,OK,TULSA,74133,36.016489,-95.886624,Yes
417,2651 S. TELEPHONE RD,OK,MOORE,73160,35.3132582,-97.4967976,Yes
418,2500 NE HIGHWAY 20,OR,BEND,97701,44.05495,-121.269666,Yes
419,4849 NE 138TH AVE,OR,PORTLAND,97230,45.556339,-122.52113,Yes
420,3075 HAMRICK ROAD,OR,CENTRAL POINT,97502,42.374211,-122.887231,Yes
421,13130 SE 84TH AVE,OR,CLACKAMAS,97015,45.42789,-122.57543,Yes
422,25900 SW HEATHER PL,OR,WILSONVILLE,97070,45.3332,-122.76613,Yes
423,7850 SW DARTMOUTH ST,OR,TIGARD,97223,45.43634,-122.75622,Yes
424,2828 CHAD DR,OR,EUGENE,97408,44.09015,-123.068374,Yes
425,15901 SW JENKINS RD,OR,ALOHA,97006,45.507745,-122.841423,Yes
426,4885 27TH AVE. SE,OR,SALEM,97306,44.88446702,-123.0052314,Yes
427,3130 KILLDEER AVE SE,OR,ALBANY,97322,44.639158,-123.065235,Yes
428,1255 NE 48TH AVE,OR,HILLSBORO,97124,45.5355,-122.9347,Yes
429,4141 NE STEPHENS ST,OR,ROSEBURG,97470,43.259741,-123.351435,Yes
430,1804 SE ENSIGN LN,OR,WARRENTON,97146,46.145552,-123.915154,Yes
431,202 COSTCO DR,PA,PITTSBURGH,15205,40.458051,-80.16722,Yes
432,1050 CRANBERRY SQUARE DR,PA,CRANBERRY TOWNSHIP,16066,40.6916558,-80.1096754,Yes
433,501 WATERFRONT DR W,PA,HOMESTEAD,15120,40.403942,-79.92017,Yes
434,5125 JONESTOWN RD STE 221,PA,HARRISBURG,17112,40.312579,-76.800151,Yes
435,1875 HEMPSTEAD RD,PA,LANCASTER,17601,40.051512,-76.256401,Yes
436,791 N KROCKS RD,PA,ALLENTOWN,18106,40.566948,-75.5581262,Yes
437,14 W LIGHTCAP RD,PA,POTTSTOWN,19464,40.238733,-75.575648,Yes
438,700 EVERGREEN DR,PA,GLEN MILLS,19342,39.88263,-75.53044,Yes
439,201 ALLENDALE RD,PA,KING OF PRUSSIA,19406,40.09105,-75.38449,Yes
440,740 UPPER STATE RD,PA,NORTH WALES,19454,40.23772,-75.23743,Yes
441,100 VETERANS WAY,PA,WARMINSTER,18974,40.196806,-75.08091,Yes
442,1021 WOODRUFF RD,SC,GREENVILLE,29607,34.835851,-82.312891,Yes
443,211 W BLACKSTOCK RD,SC,SPARTANBURG,29301,34.940102,-81.997852,Yes
444,507 PINEY GROVE RD,SC,COLUMBIA,29210,34.06848,-81.13864,Yes
445,3050 ASHLEY TOWN CENTER DR,SC,CHARLESTON,29414,32.794859,-80.036849,Yes
446,3525 PARK AVENUE BLVD,SC,MOUNT PLEASANT,29466,32.880299,-79.794407,Yes
447,1021 OAK FOREST LN,SC,MYRTLE BEACH,29577,33.706,-78.9158,Yes
448,3700 S GRANGE AVE,SD,SIOUX FALLS,57105,43.51246,-96.74089,Yes
449,2431 N GERMANTOWN PKWY,TN,CORDOVA,38016,35.192081,-89.79259,Yes
450,3775 HACKS CROSS RD,TN,MEMPHIS,38125,35.04596,-89.79595,Yes
451,6670 CHARLOTTE PIKE,TN,NASHVILLE,37209,36.139,-86.884,Yes
452,98 SEABOARD LN,TN,BRENTWOOD,37027,35.963141,-86.819009,Yes
453,1524 BEASIE RD,TN,MURFREESBORO,37128,35.82625543,-86.41739894,Yes
454,10745 KINGSTON PIKE,TN,KNOXVILLE,37934,35.896339,-84.141262,Yes
455,3650 W UNIVERSITY DR,TX,MCKINNEY,75071,33.217619,-96.664438,Yes
456,11220 DALLAS PKWY,TX,FRISCO,75033,33.17101,-96.839302,Yes
457,6020 34TH ST,TX,LUBBOCK,79407,33.563294,-101.94455,Yes
458,1701 DALLAS PKWY,TX,PLANO,75093,33.02287,-96.830185,Yes
459,3800 N CENTRAL EXPY,TX,PLANO,75074,33.044569,-96.69958,Yes
460,851 STATE HIGHWAY 121 BYP,TX,LEWISVILLE,75067,32.996785,-96.963762,Yes
461,2601 E STATE HIGHWAY 114,TX,SOUTHLAKE,76092,32.942905,-97.112508,Yes
462,8900 TEHAMA RIDGE PKWY,TX,FORT WORTH,76177,32.899534,-97.32137,Yes
463,8055 CHURCHILL WAY,TX,DALLAS,75251,32.918992,-96.768165,Yes
464,1225 STATE HIGHWAY 276,TX,ROCKWALL,75032,32.908077,-96.446014,Yes
465,5300 OVERTON RIDGE BLVD,TX,FORT WORTH,76132,32.676165,-97.405063,Yes
466,600 W ARBROOK BLVD,TX,ARLINGTON,76014,32.684692,-97.11355,Yes
467,250 W HIGHWAY 67,TX,DUNCANVILLE,75137,32.621388,-96.910871,Yes
468,4321 STATE HWY 6 SOUTH,TX,COLLEGE STATION,77845,,,Yes
469,4601 183A TOLL RD,TX,CEDAR PARK,78613,30.527962,-97.817368,Yes
470,1901 KELLY LN,TX,PFLUGERVILLE,78660,30.47021,-97.58988,Yes
471,10401 RESEARCH BLVD,TX,AUSTIN,78759,30.396036,-97.745815,Yes
472,4301 W WILLIAM CANNON DR BLDG A STE 100,TX,AUSTIN,78749,30.221984,-97.83853,Yes
473,8185 HIGHWAY 242,TX,CONROE,77385,30.20803,-95.452502,Yes
474,26960 NW FREEWAY,TX,CYPRESS,77433,29.977881,-95.711488,Yes
475,21802 TOWNSEN BLVD W.,TX,HUMBLE,77338,30.02249,-95.267803,Yes
476,12405 N GESSNER RD,TX,HOUSTON,77064,29.95352,-95.546778,Yes
477,1201 N LOOP 1604 E,TX,SAN ANTONIO,78232,29.610691,-98.475696,Yes
478,5611 UTSA BLVD,TX,SAN ANTONIO,78249,29.575153,-98.596255,Yes
479,15330 IH-35 NORTH,TX,SELMA,78154,29.5760192,-98.317466,Yes
480,6101 GATEWAY BLVD W SUITE #1,TX,EL PASO,79925,31.78185,-106.41118,Yes
481,23645 KATY FREEWAY,TX,KATY,77494,29.784185,-95.787284,Yes
482,1150 BUNKER HILL RD,TX,HOUSTON,77055,29.7875,-95.5296,Yes
483,191 W LOOP 1604 S,TX,SAN ANTONIO,78245,29.4318251,-98.71546982,Yes
484,3836 RICHMOND AVE,TX,HOUSTON,77027,29.732819,-95.438941,Yes
485,17520 SOUTHWEST FWY,TX,SUGAR LAND,77479,29.585567,-95.641551,Yes
486,3500 BUSINESS CENTER DRIVE,TX,PEARLAND,77584,29.544815,-95.390649,Yes
487,1310 JASMINE AVE,TX,WEBSTER,77598,29.534451,-95.136838,Yes
488,1501 W KELLY AVE,TX,PHARR,78577,26.193844,-98.198963,Yes
489,273 E 1000 N,UT,SPANISH FORK,84660,40.122679,-111.648991,Yes
490,13126 S. EAGLES FLIGHT RD,UT,RIVERTON,84096,,,Yes
491,648 E 800 S,UT,OREM,84097,40.282279,-111.679701,Yes
492,1160 N 1000 W,UT,LOGAN,84321,,,Yes
493,198 N 1200 E,UT,LEHI,84043,40.389774,-111.82683,Yes
494,5201 S INTERMOUNTAIN DR,UT,MURRAY,84107,40.658248,-111.890708,Yes
495,11100 S AUTO MALL DR,UT,SANDY,84070,40.55135,-111.89396,Yes
496,573 W 100 N,UT,WEST BOUNTIFUL,84010,40.890468,-111.892665,Yes
497,1818 S 300 W,UT,SALT LAKE CITY,84115,40.730914,-111.89972,Yes
498,3747 S 2700 W,UT,SALT LAKE CITY,84119,40.689735,-111.9112,Yes
499,1083 N REDWOOD RD.,UT,SARATOGA SPRINGS,84045,40.382286,-111.918153,Yes
500,3571 W 10400 S,UT,SOUTH JORDAN,84095,40.559958,-111.975383,Yes
501,3656 WALL AVE,UT,OGDEN,84405,41.196896,-111.979432,Yes
502,835 N 3050 E,UT,SAINT GEORGE,84790,37.125261,-113.521711,Yes
503,1830 RESERVOIR ST,VA,HARRISONBURG,22801,38.428084,-78.855443,Yes
504,3171 DISTRICT AVE,VA,CHARLOTTESVILLE,22901,38.067361,-78.489271,Yes
505,251 FRONT ROYAL PIKE,VA,WINCHESTER,22602,39.157591,-78.158969,Yes
506,1300 EDWARDS FERRY RD NE,VA,LEESBURG,20176,39.1152,-77.5334,Yes
507,10701 SUDLEY MANOR DR,VA,MANASSAS,20109,38.787114,-77.515497,Yes
508,14390 CHANTILLY CROSSING LN,VA,CHANTILLY,20151,38.897556,-77.444961,Yes
509,21398 PRICE CASCADES PLZ,VA,STERLING,20164,39.023131,-77.404245,Yes
510,3102 PLANK RD # 600,VA,FREDERICKSBURG,22407,38.294831,-77.516509,Yes
511,4725 W OX RD,VA,FAIRFAX,22030,38.850776,-77.372753,Yes
512,2700 POTOMAC MILLS CIRCLE,VA,WOODBRIDGE,22192,38.6451,-77.299599,Yes
513,1401 MALL DR,VA,NORTH CHESTERFIELD,23235,37.511214,-77.60683,Yes
514,9650 W BROAD ST,VA,GLEN ALLEN,23060,37.641183,-77.559916,Yes
515,7373 BOSTON BLVD,VA,SPRINGFIELD,22153,38.739323,-77.199818,Yes
516,7940 RICHMOND HWY,VA,ALEXANDRIA,22306,38.74157,-77.08621,Yes
517,1200 S FERN ST,VA,ARLINGTON,22202,38.86176,-77.05656,Yes
518,12121 JEFFERSON AVE,VA,NEWPORT NEWS,23602,37.106494,-76.495036,Yes
519,850 GLENROCK RD,VA,NORFOLK,23502,36.851621,-76.20056,Yes
520,218 LOWER MOUNTAIN VIEW DR,VT,COLCHESTER,5446,44.505687,-73.17681,Yes
521,301 5TH ST,WA,CLARKSTON,99403,46.42297,-117.04445,Yes
522,5601 E SPRAGUE AVE,WA,SPOKANE,99212,47.657134,-117.332791,Yes
523,12020 N NEWPORT HWY,WA,SPOKANE,99218,47.766885,-117.385353,Yes
524,8505 W. GAGE BLVD,WA,KENNEWICK,99336,46.2262,-119.2354,Yes
525,2310 LONGFIBRE RD,WA,UNION GAP,98903,46.565163,-120.496166,Yes
526,375 HIGHLINE DR,WA,EAST WENATCHEE,98802,47.401881,-120.28174,Yes
527,19610 SE 1ST ST,WA,CAMAS,98607,45.622097,-122.473118,Yes
528,6720 NE 84TH ST,WA,VANCOUVER,98665,45.683906,-122.603549,Yes
529,9801 204TH AVE E,WA,BONNEY LAKE,98391,47.165782,-122.1583972,Yes
530,27520 COVINGTON WAY SE,WA,COVINGTON,98042,47.35514,-122.120892,Yes
531,1801 10TH AVE NW,WA,ISSAQUAH,98027,47.550811,-122.049851,Yes
532,1201 39TH AVE SW,WA,PUYALLUP,98373,47.156,-122.3088,Yes
533,35100 ENCHANTED PKWY S,WA,FEDERAL WAY,98003,47.287153,-122.313542,Yes
534,400 COSTCO DR STE 150,WA,TUKWILA,98188,47.44467,-122.25102,Yes
535,7725 188TH AVE NE,WA,REDMOND,98052,47.66664,-122.16378,Yes
536,8629 120TH AVE NE,WA,KIRKLAND,98033,47.6807426,-122.1827165,Yes
537,24008 SNOHOMISH WOODINVILLE RD,WA,WOODINVILLE,98072,47.779256,-122.148548,Yes
538,4401 4TH AVE S,WA,SEATTLE,98134,47.564661,-122.32941,Yes
539,2219 S 37TH ST,WA,TACOMA,98409,47.2248,-122.4672,Yes
540,10200 19TH AVE SE,WA,EVERETT,98208,47.905142,-122.207003,Yes
541,18109 33RD AVE W,WA,LYNNWOOD,98037,47.83425,-122.27592,Yes
542,1175 N 205TH ST,WA,SHORELINE,98133,47.7757,-122.3442,Yes
543,16616 TWIN LAKES AVE,WA,MARYSVILLE,98271,48.14773,-122.18866,Yes
544,10990 HARBOR HILL DR NW,WA,GIG HARBOR,98332,47.3573,-122.604444,Yes
545,1470 MARVIN RD NE,WA,LACEY,98516,47.060016,-122.760496,Yes
546,5500 LITTLEROCK RD SW,WA,TUMWATER,98512,46.997133,-122.91788,Yes
547,10000 MICKELBERRY RD NW,WA,SILVERDALE,98383,47.654353,-122.682293,Yes
548,1725 S BURLINGTON BLVD,WA,BURLINGTON,98233,48.453687,-122.33793,Yes
549,4125 ARCTIC AVE,WA,BELLINGHAM,98226,48.78952,-122.46177,Yes
550,955 W WASHINGTON ST,WA,SEQUIM,98382,48.078717,-123.124851,Yes
551,2150 DEMING WAY,WI,MIDDLETON,53562,43.097728,-89.52346,Yes
552,1000 BATKER COURT,WI,VERONA,53593,,,Yes
553,2850 HOEPKER RD,WI,SUN PRAIRIE,53590,43.16505,-89.27459,Yes
554,443 PEWAUKEE RD,WI,PEWAUKEE,53072,43.089757,-88.230383,Yes
555,15300 WEST GRANGE AVE,WI,NEW BERLIN,53151,42.945088,-88.105872,Yes
556,7707 94TH AVE,WI,PLEASANT PRAIRIE,53158,42.564492,-87.921497,Yes
557,W162N9235 PERSHING AVE,WI,MENOMONEE FALLS,53051,43.183364,-88.112357,Yes
558,950 PORT WASHINGTON RD,WI,GRAFTON,53024,43.31051,-87.924991,Yes
559,5401 W. INTEGRITY WAY,WI,GRAND CHUTE,54913,44.270614,-88.487826,Yes
560,2355 COSTCO WAY,WI,BELLEVUE,54311,44.458414,-87.98932,Yes
561,200 AVE RAFAEL CORDERO,PR,CAGUAS BAIROA WARD,725,,,Yes
562,1185 AVE 65 INFANTERIA,PR,SAN JUAN,924,,,Yes
563,125 CALLE A,PR,BAYAMON,959,,,Yes
564,CARR 176 KM 0.5,PR,SAN JUAN,926,,,No
565,"PR-2, KM 15.5",PR,BAYAMON,961,,,Yes
566,3801 N 33RD AVE,AZ,PHOENIX,85017,33.491791,-112.12838,No
567,12530 PRAIRIE AVE,CA,HAWTHORNE,90250,33.918617,-118.342575,No
568,5101 BUSINESS CENTER DR,CA,FAIRFIELD,94534,38.21655,-122.14443,Yes
569,22330 HATHAWAY AVE,CA,HAYWARD,94541,37.667459,-122.102598,No
570,2101 WATERBRIDGE BLVD,FL,ORLANDO,32837,28.4034,-81.4069,No
571,3311 BROADWAY ST NE,MN,MINNEAPOLIS,55413,44.99941,-93.21584,No
572,222 S MARTIN L KING BLVD,NV,LAS VEGAS,89106,36.171958,-115.16267,No
573,8282 PARK LN,TX,DALLAS,75231,32.871392,-96.762924,No
574,19105 HIGHWAY 99,WA,LYNNWOOD,98036,47.825973,-122.310977,No
575,3680 E GUASTI RD,CA,ONTARIO,91761,34.064182,-117.573234,No
576,150 S. BENT AVE,CA,SAN MARCOS,92078,33.13715063,-117.1835274,No
577,13225 BEACH BLVD,CA,WESTMINSTER,92683,33.767764,-117.990641,No
578,3360 EL CAMINO AVE,CA,SACRAMENTO,95821,38.607497,-121.386672,No
579,2376 S EVERGREEN LOOP,CA,SAN JOSE,95122,37.3178543,-121.8109559,No
580,400 S ZUNI ST,CO,DENVER,80223,39.70884,-105.01568,No
581,12717 NETWORK DR,TX,STAFFORD,77477,29.638677,-95.57751,No
582,3900 20TH ST E,WA,FIFE,98424,47.239,-122.37509,No
