loc_number,loc_type,address_1,country,state,city,postal_code,latitude,longitude, Hearing Aids
107,Warehouse,5225 COMMERCIAL BLVD,US,AK,JUNEAU,99801-7210,58.35778,-134.482631, Hearing Aids
1342,Warehouse,48 COLLEGE RD,US,AK,FAIRBANKS,99701-1706,64.851944,-147.708494, Hearing Aids
63,Warehouse,4125 DEBARR RD,US,AK,ANCHORAGE,99508-3115,61.20968,-149.80429, Hearing Aids
10,Warehouse,330 W DIMOND BLVD,US,AK,ANCHORAGE,99515-1903,61.1446,-149.885433, Hearing Aids
356,Warehouse,1205 N. MEMORIAL PKWY,US,AL,HUNTSVILLE,35801-5930,34.742422,-86.601066, Hearing Aids
362,Warehouse,3650 GALLERIA CIR,US,AL,HOOVER,35244-2346,33.379079,-86.811453, Hearing Aids
1009,Warehouse,8251 EASTCHASE PKWY,US,AL,MONTGOMERY,36117-7033,32.363886,-86.15088, Hearing Aids
1192,Warehouse,1450 TINGLE CIRCLE WEST,US,AL,MOBILE,36606-2632,30.647386,-88.119292, Hearing Aids
1442,Warehouse,16901 CHENAL PARKWAY,US,AR,LITTLE ROCK,72223,34.757188,-92.453639, Hearing Aids
466,Warehouse,3911 E STATE ROUTE 69,US,AZ,PRESCOTT,86301-6717,34.548006,-112.396774, Hearing Aids
1028,Warehouse,1444 S SOSSAMAN RD,US,AZ,MESA,85209-3400,33.392191,-111.667523, Hearing Aids
427,Warehouse,15255 N HAYDEN RD,US,AZ,SCOTTSDALE,85260-2507,33.624136,-111.901912, Hearing Aids
738,Warehouse,2450 E BEARDSLEY RD,US,AZ,PHOENIX,85050-1300,33.66957,-112.02916, Hearing Aids
1058,Warehouse,4570 E CACTUS RD,US,AZ,PHOENIX,85032-7702,33.599661,-111.983217, Hearing Aids
644,Warehouse,2887 S MARKET ST,US,AZ,GILBERT,85295-1303,33.297538,-111.747827, Hearing Aids
481,Warehouse,1415 N ARIZONA AVE,US,AZ,GILBERT,85233-1616,33.375409,-111.842325, Hearing Aids
490,Warehouse,19001 N 27TH AVE,US,AZ,PHOENIX,85027-5036,33.659357,-112.115464, Hearing Aids
407,Warehouse,6255 EAST GRANT ROAD,US,AZ,TUCSON,85712-5834,32.2519,-110.859, Hearing Aids
465,Warehouse,4502 E OAK ST,US,AZ,PHOENIX,85008-2411,33.47292,-111.98484, Hearing Aids
736,Warehouse,595 S GALLERIA WAY,US,AZ,CHANDLER,85226-4932,33.294814,-111.898568, Hearing Aids
436,Warehouse,1445 W ELLIOT RD,US,AZ,TEMPE,85284-1103,33.349027,-111.958687, Hearing Aids
431,Warehouse,3901 W COSTCO DR,US,AZ,TUCSON,85741-2864,32.327402,-111.048018, Hearing Aids
674,Warehouse,17550 N 79TH AVE,US,AZ,GLENDALE,85308-8711,33.643778,-112.230948, Hearing Aids
1079,Warehouse,1650 E TUCSON MARKETPLACE BLVD,US,AZ,TUCSON,85713-6561,32.181912,-110.946742, Hearing Aids
691,Warehouse,10000 W MCDOWELL RD,US,AZ,AVONDALE,85392-4803,33.464736,-112.275458, Hearing Aids
1375,Warehouse,16385 W. WADDELL RD.,US,AZ,SURPRISE,85388,33.610013,-112.41034, Hearing Aids
121,Warehouse,2030 N IMPERIAL AVE,US,CA,EL CENTRO,92243-1323,32.812089,-115.57, Hearing Aids
638,Warehouse,79795 HIGHWAY 111,US,CA,LA QUINTA,92253-4756,33.70727,-116.272325, Hearing Aids
441,Warehouse,72800 DINAH SHORE DR,US,CA,PALM DESERT,92211-0814,33.801928,-116.390717, Hearing Aids
1010,Warehouse,14555 VALLEY CENTER DR,US,CA,VICTORVILLE,92395-4216,34.515375,-117.319773, Hearing Aids
478,Warehouse,1099 E HOSPITALITY LN,US,CA,SAN BERNARDINO,92408-2813,34.0689,-117.2613, Hearing Aids
455,Warehouse,12700 DAY ST,US,CA,MORENO VALLEY,92553-7531,33.938333,-117.278735, Hearing Aids
627,Warehouse,16505 SIERRA LAKES PKWY,US,CA,FONTANA,92336-1256,34.138639,-117.44383, Hearing Aids
491,Warehouse,26610 YNEZ RD,US,CA,TEMECULA,92591-4697,33.519961,-117.156391, Hearing Aids
678,Warehouse,11800 4TH ST,US,CA,RANCHO CUCAMONGA,91730-6129,34.07731,-117.546884, Hearing Aids
746,Warehouse,29315 CENTRAL AVE,US,CA,LAKE ELSINORE,92532-2212,33.694823,-117.334428, Hearing Aids
1317,Warehouse,5030 HAMNER AVE,US,CA,EASTVALE,91752-1009,33.98629,-117.558314, Hearing Aids
432,Warehouse,480 N MCKINLEY ST,US,CA,CORONA,92879-1291,33.890275,-117.521217, Hearing Aids
686,Warehouse,9404 CENTRAL AVE,US,CA,MONTCLAIR,91763-2421,34.08311,-117.689645, Hearing Aids
1080,Warehouse,725 CENTER DRIVE,US,CA,SAN MARCOS,92069-3536,33.13661,-117.124461, Hearing Aids
775,Warehouse,12155 TECH CENTER DR,US,CA,POWAY,92064-7156,32.937108,-117.03646, Hearing Aids
452,Warehouse,12350 CARMEL MOUNTAIN RD,US,CA,SAN DIEGO,92128-4697,32.987689,-117.075568, Hearing Aids
473,Warehouse,13111 PEYTON DR,US,CA,CHINO HILLS,91709-6002,34.014402,-117.744959, Hearing Aids
403,Warehouse,101 TOWN CENTER PKWY,US,CA,SANTEE,92071-5802,32.841359,-116.988627, Hearing Aids
1015,Warehouse,520 N LONE HILL AVE,US,CA,SAN DIMAS,91773-1725,34.112315,-117.828851, Hearing Aids
762,Warehouse,1141 W AVENUE L,US,CA,LANCASTER,93534-7077,34.66037,-118.149186, Hearing Aids
124,Warehouse,1755 HACIENDA DR,US,CA,VISTA,92081-4546,33.187249,-117.276272, Hearing Aids
469,Warehouse,8125 FLETCHER PKWY,US,CA,LA MESA,91942-2934,32.775438,-117.022153, Hearing Aids
445,Warehouse,22633 SAVI RANCH PKWY,US,CA,YORBA LINDA,92887-4647,33.874883,-117.743343, Hearing Aids
412,Warehouse,1220 W FOOTHILL BLVD,US,CA,AZUSA,91702-2819,34.13356,-117.925593, Hearing Aids
462,Warehouse,951 PALOMAR AIRPORT RD,US,CA,CARLSBAD,92011-1110,33.121947,-117.316953, Hearing Aids
460,Warehouse,895 E H ST,US,CA,CHULA VISTA,91910-7807,32.635959,-117.025197, Hearing Aids
578,Warehouse,7803 OTHELLO AVE,US,CA,SAN DIEGO,92111-3709,32.81625,-117.153656,
488,Warehouse,2345 FENTON PKWY,US,CA,SAN DIEGO,92108-4743,32.780234,-117.130218, Hearing Aids
679,Warehouse,17550 CASTLETON ST,US,CA,CITY OF INDUSTRY,91748-1701,33.995125,-117.921253, Hearing Aids
28,Warehouse,27972 CABOT RD,US,CA,LAGUNA NIGUEL,92677-1211,33.5556,-117.6768,
454,Warehouse,115 TECHNOLOGY DR,US,CA,IRVINE,92618-2408,33.66098,-117.743556, Hearing Aids
483,Warehouse,650 GATEWAY CENTER DR,US,CA,SAN DIEGO,92102-4530,32.712361,-117.114195, Hearing Aids
122,Warehouse,2655 EL CAMINO REAL,US,CA,TUSTIN,92782-8918,33.726883,-117.796482,
690,Warehouse,27220 HEATHER RIDGE RD,US,CA,LAGUNA NIGUEL,92677-3418,33.568405,-117.712114, Hearing Aids
401,Warehouse,4605 MORENA BLVD,US,CA,SAN DIEGO,92117-3650,32.821913,-117.224561, Hearing Aids
781,Warehouse,1130 BROADWAY,US,CA,CHULA VISTA,91911-2707,32.608877,-117.080901, Hearing Aids
429,Warehouse,33961 DOHENY PARK RD,US,CA,SAN JUAN CAPISTRANO,92675-4835,33.46942,-117.67562, Hearing Aids
1001,Warehouse,2700 PARK AVE,US,CA,TUSTIN,92782-2708,33.6994,-117.8239, Hearing Aids
418,Warehouse,900 S HARBOR BLVD,US,CA,FULLERTON,92832-3025,33.86264,-117.92428, Hearing Aids
777,Warehouse,101 N BEACH BLVD,US,CA,LA HABRA,90631-4468,33.9329,-117.9701, Hearing Aids
126,Warehouse,11000 GARDEN GROVE BLVD,US,CA,GARDEN GROVE,92843-1206,33.77405,-117.94099, Hearing Aids
1318,Warehouse,2000 MARKET PLACE DR,US,CA,MONTEREY PARK,91755-7402,34.036951,-118.103676, Hearing Aids
428,Warehouse,2207 W COMMONWEALTH AVE,US,CA,ALHAMBRA,91803-1302,34.08785,-118.148068, Hearing Aids
411,Warehouse,17900 NEWHOPE ST,US,CA,FOUNTAIN VALLEY,92708-5404,33.70371,-117.93452, Hearing Aids
569,Warehouse,6333 TELEGRAPH RD,US,CA,COMMERCE,90040-2513,33.994744,-118.143159,
410,Warehouse,12324 HOXIE AVE,US,CA,NORWALK,90650-2211,33.922098,-118.103701, Hearing Aids
1017,Warehouse,1405 W CAMERON AVE,US,CA,VISALIA,93277-9527,36.294152,-119.305673, Hearing Aids
748,Warehouse,5401 KATELLA AVE,US,CA,CYPRESS,90720-2809,33.80306,-118.03864, Hearing Aids
1110,Warehouse,7562 CENTER AVE,US,CA,HUNTINGTON BEACH,92647-3002,33.73397,-117.99645, Hearing Aids
130,Warehouse,2901 LOS FELIZ BLVD,US,CA,LOS ANGELES,90039-1502,34.12645,-118.26287, Hearing Aids
677,Warehouse,1051 W BURBANK BLVD,US,CA,BURBANK,91506-1421,34.183815,-118.323158, Hearing Aids
447,Warehouse,18649 VIA PRINCESSA,US,CA,SANTA CLARITA,91387-4935,34.403266,-118.4605, Hearing Aids
1050,Warehouse,340 LAKEWOOD CENTER MALL,US,CA,LAKEWOOD,90712-2409,33.85045,-118.141779, Hearing Aids
653,Warehouse,11428 SHERMAN WAY,US,CA,NORTH HOLLYWOOD,91605-5807,34.201185,-118.380211,
1071,Warehouse,13550 PAXTON ST,US,CA,PACOIMA,91331-2352,34.27248,-118.42784, Hearing Aids
424,Warehouse,2200 E WILLOW ST,US,CA,SIGNAL HILL,90755-2132,33.80436,-118.16547, Hearing Aids
688,Warehouse,3800 ROSEDALE HWY,US,CA,BAKERSFIELD,93308-6235,35.383357,-119.046601, Hearing Aids
1360,Warehouse,2270 CLOVIS AVE,US,CA,CLOVIS,93612,36.806053,-119.700918, Hearing Aids
48,Warehouse,6100 SEPULVEDA BLVD,US,CA,VAN NUYS,91411-2503,34.1818,-118.4643, Hearing Aids
643,Warehouse,4900 PANAMA LN,US,CA,BAKERSFIELD,93313-3479,35.2959,-119.05669, Hearing Aids
769,Warehouse,3560 W CENTURY BLVD,US,CA,INGLEWOOD,90303-1201,33.945467,-118.334508, Hearing Aids
437,Warehouse,8810 TAMPA AVE,US,CA,NORTHRIDGE,91324-3519,34.230137,-118.553546, Hearing Aids
657,Warehouse,7100 N ABBY ST,US,CA,FRESNO,93720-2920,36.84222,-119.78875, Hearing Aids
671,Warehouse,14501 HINDRY AVENUE,US,CA,HAWTHORNE,90250-6748,33.899,-118.3729, Hearing Aids
1202,Warehouse,2640 LOMITA BLVD,US,CA,TORRANCE,90505-5214,33.807559,-118.331744, Hearing Aids
1244,Warehouse,2395 E LACEY BLVD,US,CA,HANFORD,93230-4740,36.3259849,-119.6069726, Hearing Aids
479,Warehouse,13463 WASHINGTON BLVD,US,CA,MARINA DEL REY,90292-5658,33.991127,-118.446494, Hearing Aids
1205,Warehouse,21800 VICTORY BLVD,US,CA,WOODLAND HILLS,91367-2227,34.187371,-118.603486, Hearing Aids
31,Warehouse,4500 W SHAW AVE,US,CA,FRESNO,93722-6200,36.8092,-119.8736, Hearing Aids
128,Warehouse,2660 PARK CENTER DR,US,CA,SIMI VALLEY,93065-6207,34.282956,-118.79738, Hearing Aids
117,Warehouse,5700 LINDERO CANYON RD,US,CA,WESTLAKE VILLAGE,91362-4063,34.1527,-118.797152, Hearing Aids
142,Warehouse,1445 R ST,US,CA,MERCED,95340-5850,37.301896,-120.494021, Hearing Aids
420,Warehouse,2001 E VENTURA BLVD,US,CA,OXNARD,93036-1813,34.2237,-119.15018, Hearing Aids
765,Warehouse,1800 CAVITT DR,US,CA,FOLSOM,95630-6235,38.64604,-121.11105, Hearing Aids
782,Warehouse,2955 N TEGNER RD,US,CA,TURLOCK,95380-9401,37.520322,-120.887638, Hearing Aids
29,Warehouse,6750 STANFORD RANCH RD,US,CA,ROSEVILLE,95678-1907,38.7818,-121.26572, Hearing Aids
438,Warehouse,11260 WHITE ROCK RD,US,CA,RANCHO CORDOVA,95742-6571,38.589992,-121.263768, Hearing Aids
771,Warehouse,7000 AUBURN BLVD,US,CA,CITRUS HEIGHTS,95621-4342,38.692449,-121.296761, Hearing Aids
661,Warehouse,3801 PELANDALE AVE,US,CA,MODESTO,95356-8300,37.70012,-121.06609, Hearing Aids
1091,Warehouse,2680 REYNOLDS RANCH PKWY,US,CA,LODI,95240-6848,38.099813,-121.266331, Hearing Aids
464,Warehouse,7981 E STOCKTON BLVD,US,CA,SACRAMENTO,95823-9606,38.467519,-121.415378, Hearing Aids
38,Warehouse,1616 E HAMMER LN,US,CA,STOCKTON,95210-4119,38.020832,-121.292427, Hearing Aids
471,Warehouse,1600 EXPO PKWY,US,CA,SACRAMENTO,95815-4228,38.5975,-121.4525, Hearing Aids
1274,Warehouse,7400 ELK GROVE BLVD,US,CA,ELK GROVE,95757-6299,38.4087315,-121.4095122, Hearing Aids
1031,Warehouse,2440 DANIELS ST,US,CA,MANTECA,95337-6745,37.786333,-121.256003, Hearing Aids
474,Warehouse,7095 MARKET PLACE DR,US,CA,GOLETA,93117-5905,34.42802,-119.87348, Hearing Aids
1011,Warehouse,2100 DR MLK JR PKWY,US,CA,CHICO,95928-4422,39.723047,-121.810109, Hearing Aids
1003,Warehouse,2299 BRONZE STAR DR,US,CA,WOODLAND,95776-5409,38.673269,-121.723721, Hearing Aids
658,Warehouse,3250 W GRANT LINE RD,US,CA,TRACY,95304-8427,37.75405,-121.475661, Hearing Aids
1275,Warehouse,1700 S. BRADLEY RD.,US,CA,SANTA MARIA,93454-8001,34.924557,-120.419403, Hearing Aids
741,Warehouse,1540 FROOM RANCH WAY,US,CA,SAN LUIS OBISPO,93405-7211,35.25182,-120.688876, Hearing Aids
,,4805 BECHELLI LANE,US,CA,REDDING,96002,,, Hearing Aids
133,Warehouse,1300 DANA DR,US,CA,REDDING,96003-4071,40.58575,-122.34735, Hearing Aids
1002,Warehouse,2201 VERNE ROBERTS CIR,US,CA,ANTIOCH,94509-7911,38.00997,-121.832833, Hearing Aids
760,Warehouse,7251 CAMINO ARROYO,US,CA,GILROY,95020-7340,37.008691,-121.554466, Hearing Aids
694,Warehouse,1051 HUME WAY,US,CA,VACAVILLE,95687-5558,38.350395,-121.98133, Hearing Aids
146,Warehouse,2800 INDEPENDENCE DR,US,CA,LIVERMORE,94551-7628,37.7023,-121.81067, Hearing Aids
1267,Warehouse,6898 RALEIGH ROAD,US,CA,SAN JOSE,95119-1730,37.243844,-121.785206, Hearing Aids
21,Warehouse,3150 FOSTORIA WAY,US,CA,DANVILLE,94526-5553,37.781597,-121.975034, Hearing Aids
663,Warehouse,2400 MONUMENT BLVD,US,CA,CONCORD,94520-3105,37.95949,-122.03451, Hearing Aids
148,Warehouse,2201 SENTER RD,US,CA,SAN JOSE,95112-2627,37.31125,-121.85128, Hearing Aids
1004,Warehouse,1709 AUTOMATION PKWY,US,CA,SAN JOSE,95131-1866,37.38922,-121.88307, Hearing Aids
472,Warehouse,1339 N DAVIS RD,US,CA,SALINAS,93907-1988,36.703445,-121.666955, Hearing Aids
470,Warehouse,5301 ALMADEN EXPY,US,CA,SAN JOSE,95118-3603,37.25427,-121.87582, Hearing Aids
778,Warehouse,43621 PACIFIC COMMONS BLVD,US,CA,FREMONT,94538-3809,37.502499,-121.971421, Hearing Aids
129,Warehouse,1601 COLEMAN AVE,US,CA,SANTA CLARA,95050-3122,37.35771,-121.93725, Hearing Aids
132,Warehouse,198 PLAZA DR,US,CA,VALLEJO,94591-3702,38.131561,-122.215251, Hearing Aids
423,Warehouse,150 LAWRENCE STATION RD,US,CA,SUNNYVALE,94086-5309,37.372205,-121.995957, Hearing Aids
1061,Warehouse,28505 HESPERIAN BLVD,US,CA,HAYWARD,94545-5008,37.617136,-122.08834, Hearing Aids
,,35875 WARM SPRINGS PARKWAY,US,CA,MURRIETA,92563,,, Hearing Aids
118,Warehouse,1900 DAVIS ST,US,CA,SAN LEANDRO,94577-1209,37.718203,-122.180726, Hearing Aids
143,Warehouse,1000 N RENGSTORFF AVE,US,CA,MOUNTAIN VIEW,94043-1716,37.41961,-122.09315, Hearing Aids
131,Warehouse,801 TIOGA AVE,US,CA,SAND CITY,93955-3050,36.616711,-121.846725, Hearing Aids
482,Warehouse,4801 CENTRAL AVENUE,US,CA,RICHMOND,94804-5801,37.898,-122.3206, Hearing Aids
149,Warehouse,220 SYLVANIA AVE,US,CA,SANTA CRUZ,95060-2161,36.985102,-122.03482, Hearing Aids
1042,Warehouse,2300 MIDDLEFIELD RD,US,CA,REDWOOD CITY,94063-2854,37.4801,-122.21705, Hearing Aids
147,Warehouse,1001 METRO CENTER BLVD,US,CA,FOSTER CITY,94404-2177,37.5608,-122.27472, Hearing Aids
144,Warehouse,450 10TH ST,US,CA,SAN FRANCISCO,94103-4304,37.77099,-122.41052, Hearing Aids
654,Warehouse,900 DUBUQUE AVE,US,CA,SOUTH SAN FRANCISCO,94080-1805,37.66173,-122.40163,
422,Warehouse,451 S AIRPORT BLVD,US,CA,SOUTH SAN FRANCISCO,94080-6909,37.641412,-122.402563, Hearing Aids
141,Warehouse,300 VINTAGE WAY,US,CA,NOVATO,94945-5007,38.086361,-122.551722, Hearing Aids
475,Warehouse,1600 EL CAMINO REAL,US,CA,SOUTH SAN FRANCISCO,94080-1206,37.66462,-122.44919, Hearing Aids
41,Warehouse,1900 SANTA ROSA AVE,US,CA,SANTA ROSA,95407-7621,38.42007,-122.71229, Hearing Aids
659,Warehouse,5901 REDWOOD DR,US,CA,ROHNERT PARK,94928-2076,38.352139,-122.715381, Hearing Aids
1297,Warehouse,1275 AIRPORT PARK BLVD,US,CA,UKIAH,95482-7400,39.1272227,-123.1967938, Hearing Aids
125,Warehouse,1006 W WABASH AVE,US,CA,EUREKA,95501-2121,40.79244091,-124.1824341, Hearing Aids
1022,Warehouse,18414 COTTONWOOD DR,US,CO,PARKER,80138-8876,39.55879,-104.776443, Hearing Aids
439,Warehouse,1471 S HAVANA ST,US,CO,AURORA,80012-4013,39.689939,-104.86595, Hearing Aids
1014,Warehouse,5885 BARNES RD,US,CO,COLORADO SPRINGS,80922-3512,38.89349,-104.71827, Hearing Aids
468,Warehouse,8686 PARK MEADOWS CENTER DR,US,CO,LITTLETON,80124-5129,39.560636,-104.878905, Hearing Aids
1030,Warehouse,5050 N NEVADA AVE,US,CO,COLORADO SPRINGS,80918-8602,38.90399,-104.81731, Hearing Aids
629,Warehouse,16375 N. WASHINGTON ST,US,CO,THORNTON,80023-8907,39.993433,-104.978226, Hearing Aids
1178,Warehouse,4705 WEITZEL ST,US,CO,TIMNATH,80547-4703,40.520491,-104.989036, Hearing Aids
1027,Warehouse,4000 RIVER POINT PKWY,US,CO,SHERIDAN,80110-3316,39.644394,-105.006393, Hearing Aids
440,Warehouse,6400 W 92ND AVE,US,CO,WESTMINSTER,80031-2952,39.863667,-105.066961, Hearing Aids
676,Warehouse,5195 WADSWORTH BLVD,US,CO,ARVADA,80002-4617,39.791059,-105.08147, Hearing Aids
443,Warehouse,7900 W QUINCY AVE,US,CO,LITTLETON,80123-1350,39.638706,-105.085093, Hearing Aids
480,Warehouse,600 MARSHALL RD,US,CO,SUPERIOR,80027-9730,39.95974,-105.17175, Hearing Aids
637,Warehouse,170 COOLEY MESA RD,US,CO,GYPSUM,81637-9707,39.643382,-106.888696, Hearing Aids
324,Warehouse,779 CONNECTICUT AVENUE,US,CT,NORWALK,06854-1615,41.092,-73.452, Hearing Aids
304,Warehouse,200 FEDERAL RD,US,CT,BROOKFIELD,06804-2514,41.44289,-73.40487, Hearing Aids
312,Warehouse,1718 BOSTON POST RD,US,CT,MILFORD,06460-2718,41.248982,-73.023517, Hearing Aids
313,Warehouse,3600 E MAIN ST,US,CT,WATERBURY,06705-3851,41.543019,-72.971329, Hearing Aids
1196,Warehouse,405 HARTFORD RD,US,CT,NEW BRITAIN,06053-1507,41.70934,-72.76613, Hearing Aids
780,Warehouse,75 FRESHWATER BLVD,US,CT,ENFIELD,06082-3854,41.9935,-72.576, Hearing Aids
1493,Warehouse,1220 TAMARACK AVE,US,CT,SOUTH WINDSOR,6074,41.8177274,-72.5566389, Hearing Aids
1372,Warehouse,284 FLANDERS RD,US,CT,EAST LYME,06333-1710,41.359479,-72.212771, Hearing Aids
1120,Warehouse,2441 MARKET ST NE,US,DC,WASHINGTON,20018-3840,38.920362,-76.950368, Hearing Aids
246,Warehouse,900 CENTER BLVD,US,DE,NEWARK,19702-3221,39.675369,-75.649492, Hearing Aids
1026,Warehouse,4067 LAGNIAPPE WAY,US,FL,TALLAHASSEE,32317-1201,30.461111,-84.212508, Hearing Aids
1294,Warehouse,8000 PARRAMORE RD,US,FL,JACKSONVILLE,32244-5704,30.202373,-81.756201, Hearing Aids
357,Warehouse,4901 GATE PKWY,US,FL,JACKSONVILLE,32246-4405,30.251534,-81.535932, Hearing Aids
336,Warehouse,2655 GULF TO BAY BLVD,US,FL,CLEARWATER,33759-4936,27.960478,-82.728188, Hearing Aids
1262,Warehouse,8712 W LINEBAUGH AVE,US,FL,TAMPA,33625-3713,28.04428,-82.58091, Hearing Aids
1249,Warehouse,2225 GRAND CYPRESS DR,US,FL,LUTZ,33559-6797,28.190995,-82.393039, Hearing Aids
358,Warehouse,10921 CAUSEWAY BLVD,US,FL,BRANDON,33511-1997,27.922973,-82.33153, Hearing Aids
183,Warehouse,741 ORANGE AVE,US,FL,ALTAMONTE SPRINGS,32714-3031,28.66183,-81.41494, Hearing Aids
1235,Warehouse,4696 GARDENS PARK BLVD,US,FL,ORLANDO,32839-2171,28.496131,-81.4257567, Hearing Aids
185,Warehouse,3333 UNIVERSITY BLVD,US,FL,WINTER PARK,32792-7428,28.597438,-81.301466, Hearing Aids
1364,Warehouse,805 LIGHTHOUSE DRIVE,US,FL,BRADENTON,34212,27.4959,-82.4713, Hearing Aids
,,215 WORLD COMMERCE PARKWAY,US,FL,ST. AUGUSTINE,32092,,, Hearing Aids
1123,Warehouse,8201 S TAMIAMI TRL UNIT 501,US,FL,SARASOTA,34238-2966,27.23332,-82.49758, Hearing Aids
1450,Warehouse,4305 PINEDA CAUSEWAY,US,FL,MELBOURNE,32940,28.18942,-80.719726, Hearing Aids
351,Warehouse,7171 CYPRESS LAKE DR,US,FL,FORT MYERS,33907-6521,26.546143,-81.87511, Hearing Aids
621,Warehouse,10088 GULF CENTER DR,US,FL,FORT MYERS,33913-8961,26.48857,-81.78635, Hearing Aids
354,Warehouse,6275 NAPLES BLVD,US,FL,NAPLES,34109-2030,26.219403,-81.772904, Hearing Aids
93,Warehouse,3250 NORTHLAKE BLVD,US,FL,PALM BEACH GARDENS,33403-1702,26.808339,-80.086924, Hearing Aids
623,Warehouse,11001 SOUTHERN BLVD,US,FL,ROYAL PALM BEACH,33411-4240,26.68102,-80.2195, Hearing Aids
180,Warehouse,1873 LANTANA RD,US,FL,LANTANA,33462-2601,26.587399,-80.071249, Hearing Aids
1323,Warehouse,4621 CORAL RIDGE DR.,US,FL,CORAL SPRINGS,33076-2200,26.287747,-80.2824665, Hearing Aids
345,Warehouse,17800 CONGRESS AVE,US,FL,BOCA RATON,33487-1200,26.41213,-80.10209, Hearing Aids
88,Warehouse,1800 W SAMPLE RD,US,FL,POMPANO BEACH,33064-1324,26.274466,-80.148158, Hearing Aids
742,Warehouse,15915 PINES BLVD,US,FL,PEMBROKE PINES,33027-1201,26.00776,-80.361207, Hearing Aids
91,Warehouse,1890 S UNIVERSITY DR,US,FL,DAVIE,33324-5808,26.096724,-80.251043, Hearing Aids
181,Warehouse,16580 NW 59TH AVE,US,FL,MIAMI LAKES,33014-5611,25.919146,-80.297293,
1229,Warehouse,7795 WEST FLAGLER STREET,US,FL,MIAMI,33144-2359,25.774542,-80.321851, Hearing Aids
1332,Warehouse,14800 SOLE MIA WAY,US,FL,NORTH MIAMI,33181,25.9137,-80.154222, Hearing Aids
1023,Warehouse,13450 SW 120TH ST,US,FL,MIAMI,33186-7393,25.656335,-80.412516, Hearing Aids
1083,Warehouse,100 COBB PKWY,US,GA,RINGGOLD,30736-8566,34.96726,-85.19344, Hearing Aids
1389,Warehouse,1715 CHARLES HARDY PKWY,US,GA,DALLAS,30157,33.9204932,-84.7614352, Hearing Aids
1295,Warehouse,113 LINCOLN ST,US,GA,WOODSTOCK,30188-7800,34.119874,-84.5157021, Hearing Aids
189,Warehouse,645 BARRETT PARKWAY NW,US,GA,KENNESAW,30144-4922,34.00476,-84.569131, Hearing Aids
631,Warehouse,2900 CUMBERLAND MALL SE,US,GA,ATLANTA,30339-8107,33.88075,-84.47206, Hearing Aids
,,5550 PARKWAY BLVD,US,GA,ATHENS,30606,,, Hearing Aids
743,Warehouse,2855 JORDAN CT,US,GA,ALPHARETTA,30004-3869,34.090796,-84.277026, Hearing Aids
188,Warehouse,6350 PEACHTREE DUNWOODY RD,US,GA,ATLANTA,30328-4568,33.928124,-84.35192, Hearing Aids
1175,Warehouse,1211 BALD RIDGE MARINA RD,US,GA,CUMMING,30041-8484,34.2122,-84.116293, Hearing Aids
1084,Warehouse,500 BROOKHAVEN AVE NE,US,GA,ATLANTA,30319-3291,33.87185,-84.33537, Hearing Aids
1361,Warehouse,40 FISCHER CROSSINGS DR,US,GA,SHARPSBURG,30277,33.400461,-84.621576, Hearing Aids
187,Warehouse,3980 VENTURE DR,US,GA,DULUTH,30096-5077,33.94909,-84.143252, Hearing Aids
366,Warehouse,1550 MALL OF GEORGIA BLVD,US,GA,BUFORD,30519-6551,34.061632,-83.995033, Hearing Aids
579,Warehouse,1700 MOUNT ZION RD,US,GA,MORROW,30260-3014,33.57221,-84.332962,
1102,Warehouse,825 CABELA DR,US,GA,AUGUSTA,30909-8202,33.523611,-82.020329, Hearing Aids
1485,Warehouse,200 MOSAIC CIRCLE,US,GA,POOLER,31322,32.0806428,-81.27739327, Hearing Aids
119,Warehouse,540 HALEAKALA HWY,US,HI,KAHULUI,96732-2302,20.88789,-156.450595, Hearing Aids
140,Warehouse,73-5600 MAIAU ST,US,HI,KAILUA KONA,96740-2630,19.68668,-156.01999, Hearing Aids
120,Warehouse,333 A KEAHOLE STREET,US,HI,HONOLULU,96825-3406,21.28413,-157.71037, Hearing Aids
687,Warehouse,525 ALAKAWA ST,US,HI,HONOLULU,96817-5764,21.3182,-157.8705, Hearing Aids
485,Warehouse,94-1231 KA UKA BLVD,US,HI,WAIPAHU,96797-4495,21.41951,-158.00574, Hearing Aids
1038,Warehouse,4589 KAPOLEI PKWY,US,HI,KAPOLEI,96707-1879,21.327927,-158.08837, Hearing Aids
640,Warehouse,4300 NUHOU ST.,US,HI,LIHUE,96766-8002,21.967733,-159.382315, Hearing Aids
788,Warehouse,7205 MILLS CIVIC PKWY,US,IA,WEST DES MOINES,50266-8140,41.56148,-93.805176, Hearing Aids
1111,Warehouse,2900 HEARTLAND DR,US,IA,CORALVILLE,52241-2740,41.69812,-91.61474, Hearing Aids
1325,Warehouse,2790 E 53RD ST,US,IA,DAVENPORT,52807-3007,41.574795,-90.524329, Hearing Aids
,,4000 NE SPECTRUM DRIVE,US,IA,ANKENY,50021,,, Hearing Aids
1379,Warehouse,2495 E. LINCOLN ROAD,US,ID,IDAHO FALLS,83401,43.511564,-111.984289, Hearing Aids
1033,Warehouse,305 W QUINN RD,US,ID,POCATELLO,83201-4988,42.905853,-112.455124, Hearing Aids
145,Warehouse,731 POLE LINE RD,US,ID,TWIN FALLS,83301-3036,42.5929619,-114.4641176, Hearing Aids
761,Warehouse,2051 S COLE RD,US,ID,BOISE,83709-2815,43.584761,-116.27414, Hearing Aids
1343,Warehouse,3403 W. CHINDEN BLVD,US,ID,MERIDIAN,83646,43.6610822,-116.4362837, Hearing Aids
734,Warehouse,16700 N MARKET PLACE BLVD,US,ID,NAMPA,83687-7909,43.61421,-116.591892, Hearing Aids
773,Warehouse,355 E NEIDER AVE,US,ID,COEUR D' ALENE,83815-3723,47.707993,-116.781828, Hearing Aids
1126,Warehouse,301 W WASHINGTON ST,US,IL,EAST PEORIA,61611-2036,40.668718,-89.583786, Hearing Aids
1353,Warehouse,5000 STADIUM DRIVE,US,IL,LOVES PARK,61111,42.32126,-88.961625, Hearing Aids
1384,Warehouse,2002 N. NEIL ST,US,IL,CHAMPAIGN,61820,40.1405327,-88.2449229, Hearing Aids
1040,Warehouse,221 S RANDALL RD,US,IL,SAINT CHARLES,60174-1524,41.90885,-88.339954, Hearing Aids
774,Warehouse,250 N RANDALL RD,US,IL,LAKE IN THE HILLS,60156-5943,42.179,-88.3383, Hearing Aids
342,Warehouse,1320 S ROUTE 59,US,IL,NAPERVILLE,60564-5944,41.727494,-88.206013, Hearing Aids
1388,Warehouse,16261 S. BOULEVARD PLACE,US,IL,PLAINFIELD,60586,41.5888021,-88.1690002, Hearing Aids
1443,Warehouse,1255 EAST OGDEN AVE,US,IL,NAPERVILLE,60563,41.79853024,-88.12367612, Hearing Aids
371,Warehouse,505 W ARMY TRAIL RD,US,IL,BLOOMINGDALE,60108-1391,41.939574,-88.129776, Hearing Aids
1088,Warehouse,830 E BOUGHTON RD,US,IL,BOLINGBROOK,60440-2355,41.726343,-88.033104, Hearing Aids
378,Warehouse,680 S RAND RD,US,IL,LAKE ZURICH,60047-3409,42.184931,-88.092111, Hearing Aids
387,Warehouse,1375 N MEACHAM RD,US,IL,SCHAUMBURG,60173-4805,42.05506,-88.044993, Hearing Aids
388,Warehouse,1901 W 22ND ST,US,IL,OAK BROOK,60523-1759,41.846399,-87.962962, Hearing Aids
647,Warehouse,9915 W 159TH ST,US,IL,ORLAND PARK,60467-4572,41.601236,-87.8601, Hearing Aids
779,Warehouse,999 N ELMHURST RD,US,IL,MOUNT PROSPECT,60056-1133,42.083219,-87.93683, Hearing Aids
1085,Warehouse,8400 W NORTH AVE,US,IL,MELROSE PARK,60160-1607,41.90837,-87.83499, Hearing Aids
1153,Warehouse,2500 SOUTH HARLEM AVE,US,IL,NORTH RIVERSIDE,60546-1415,41.844613,-87.807113, Hearing Aids
1074,Warehouse,25901 RIVERWOODS RD,US,IL,METTAWA,60045-3403,42.23641,-87.90391, Hearing Aids
580,Warehouse,7300 S CICERO AVE,US,IL,CHICAGO,60629-5817,41.76014,-87.74174,
348,Warehouse,2900 PATRIOT BLVD,US,IL,GLENVIEW,60026-8046,42.10668,-87.82247, Hearing Aids
383,Warehouse,7311 N MELVINA AVE,US,IL,NILES,60714-3905,42.012081,-87.781808, Hearing Aids
1107,Warehouse,1430 S ASHLAND AVE,US,IL,CHICAGO,60608-2040,41.862588,-87.666296, Hearing Aids
380,Warehouse,2746 N CLYBOURN AVE,US,IL,CHICAGO,60614-1006,41.931087,-87.676734, Hearing Aids
370,Warehouse,1310 E 79TH AVE,US,IN,MERRILLVILLE,46410-5768,41.473777,-87.321652, Hearing Aids
1331,Warehouse,1201 CROSS POINTE PL,US,IN,EVANSVILLE,47715-9168,37.988621,-87.463817, Hearing Aids
1577,Warehouse,8816 DR. CHARLES NELSON DRIVE,US,IN,AVON,46123,39.76470636,-86.36369775, Hearing Aids
347,Warehouse,9010 MICHIGAN RD,US,IN,INDIANAPOLIS,46268-3184,39.916011,-86.224994, Hearing Aids
1183,Warehouse,625 E UNIVERSITY DR,US,IN,GRANGER,46530-7381,41.720402,-86.173155, Hearing Aids
1227,Warehouse,4628 E COUNTY LINE RD,US,IN,INDIANAPOLIS,46237-9105,39.636234,-86.08947, Hearing Aids
346,Warehouse,6110 E 86TH ST,US,IN,INDIANAPOLIS,46250-3507,39.914227,-86.061607, Hearing Aids
1161,Warehouse,5110 VALUE DR,US,IN,FORT WAYNE,46808-4048,41.125035,-85.155717, Hearing Aids
1200,Warehouse,9700 E KELLOGG,US,KS,WICHITA,67207-1821,37.67975,-97.224893, Hearing Aids
349,Warehouse,9350 MARSHALL DR,US,KS,LENEXA,66215-3845,38.958687,-94.731243, Hearing Aids
369,Warehouse,12221 BLUE VALLEY PKWY,US,KS,OVERLAND PARK,66213-2640,38.9069,-94.670682, Hearing Aids
1238,Warehouse,3408 BARDSTOWN RD,US,KY,LOUISVILLE,40218-4608,38.20496,-85.66621, Hearing Aids
634,Warehouse,5020 NORTON HEALTHCARE BLVD,US,KY,LOUISVILLE,40241-2835,38.31501,-85.57357, Hearing Aids
1197,Warehouse,800 HEIGHTS BLVD,US,KY,FLORENCE,41042-1415,38.98771,-84.64699, Hearing Aids
1156,Warehouse,1500 FITZGERALD CT,US,KY,LEXINGTON,40509-8307,38.025174,-84.40741, Hearing Aids
1201,Warehouse,201 MEADOW FARM RD,US,LA,LAFAYETTE,70508-7277,30.155903,-92.042704, Hearing Aids
1172,Warehouse,10000 DAWNADELE AVE BLDG A,US,LA,BATON ROUGE,70809-2591,30.419945,-91.07271, Hearing Aids
1147,Warehouse,3900 DUBLIN ST,US,LA,NEW ORLEANS,70118-4754,29.96749,-90.11015, Hearing Aids
302,Warehouse,119 DAGGETT DR,US,MA,WEST SPRINGFIELD,01089-4672,42.132364,-72.621674, Hearing Aids
308,Warehouse,71 2ND AVE,US,MA,WALTHAM,02451-1107,42.396471,-71.264089, Hearing Aids
319,Warehouse,200 LEGACY BLVD,US,MA,DEDHAM,02026-2653,42.23103,-71.17493,
333,Warehouse,2 MYSTIC VIEW RD,US,MA,EVERETT,02149-2428,42.401557,-71.070461, Hearing Aids
303,Warehouse,120 STOCKWELL DR,US,MA,AVON,02322-1149,42.134923,-71.067857, Hearing Aids
301,Warehouse,11 NEWBURY ST,US,MA,DANVERS,01923-1014,42.556821,-70.979108, Hearing Aids
330,Warehouse,10 MONOCACY BLVD,US,MD,FREDERICK,21704-7256,39.402357,-77.410548, Hearing Aids
213,Warehouse,880 RUSSELL AVE,US,MD,GAITHERSBURG,20879-3506,39.157055,-77.212713, Hearing Aids
1124,Warehouse,11160 VEIRS MILL RD,US,MD,WHEATON,20902-2538,39.035686,-77.055739, Hearing Aids
214,Warehouse,10925 BALTIMORE AVE,US,MD,BELTSVILLE,20705-2117,39.033006,-76.910084, Hearing Aids
1326,Warehouse,10270 MILL RUN CIRCLE,US,MD,OWINGS MILLS,21117,39.4042173,-76.7894242, Hearing Aids
1000,Warehouse,6675 MARIE CURIE DR,US,MD,ELKRIDGE,21075-6457,39.186713,-76.795161, Hearing Aids
1078,Warehouse,2400 FIVE LEES LN,US,MD,GLENARDEN,20706-1617,38.92234,-76.85096, Hearing Aids
1039,Warehouse,16006 CRAIN HWY,US,MD,BRANDYWINE,20613-8081,38.66888,-76.87602, Hearing Aids
325,Warehouse,7077 ARUNDEL MILLS CIR,US,MD,HANOVER,21076-1387,39.154633,-76.729999, Hearing Aids
203,Warehouse,575 E ORDNANCE RD,US,MD,GLEN BURNIE,21060-6575,39.196883,-76.596885, Hearing Aids
208,Warehouse,9919 PULASKI HWY,US,MD,BALTIMORE,21220-1411,39.359175,-76.447262, Hearing Aids
1191,Warehouse,5100 CENTURY AVE,US,MI,KALAMAZOO,49006-5714,42.270955,-85.648153, Hearing Aids
744,Warehouse,4901 WILSON AVE SW,US,MI,WYOMING,49418-8788,42.875941,-85.762641, Hearing Aids
784,Warehouse,5100 28TH ST SE,US,MI,GRAND RAPIDS,49512-2049,42.912709,-85.544536, Hearing Aids
1279,Warehouse,125 E SOUTH AIRPORT RD,US,MI,TRAVERSE CITY,49686-4864,44.735546,-85.570036, Hearing Aids
1277,Warehouse,2540 E SAGINAW HIGHWAY,US,MI,EAST LANSING,48823-9719,42.75213,-84.4475, Hearing Aids
1420,Warehouse,4816 BAY CITY RD,US,MI,MIDLAND,48642,43.6042107,-84.1692328, Hearing Aids
1106,Warehouse,771 AIRPORT BLVD,US,MI,ANN ARBOR,48108-3601,42.231821,-83.740916, Hearing Aids
786,Warehouse,6700 WHITMORE LAKE RD,US,MI,BRIGHTON,48116-2160,42.504493,-83.759392, Hearing Aids
391,Warehouse,20000 HAGGERTY RD,US,MI,LIVONIA,48152-1011,42.41806,-83.43273, Hearing Aids
341,Warehouse,3000 COMMERCE XING,US,MI,COMMERCE TOWNSHIP,48390-3082,42.53498,-83.44539, Hearing Aids
390,Warehouse,13700 MIDDLEBELT RD,US,MI,LIVONIA,48150-2215,42.382444,-83.333641, Hearing Aids
1037,Warehouse,2343 S TELEGRAPH RD,US,MI,BLOOMFIELD,48302-0254,42.605136,-83.294351, Hearing Aids
376,Warehouse,400 BROWN RD,US,MI,AUBURN HILLS,48326-1305,42.707355,-83.296195, Hearing Aids
393,Warehouse,30550 STEPHENSON HWY,US,MI,MADISON HEIGHTS,48071-1611,42.516885,-83.119088, Hearing Aids
374,Warehouse,45460 MARKET ST,US,MI,SHELBY TOWNSHIP,48315-6224,42.628894,-82.980793, Hearing Aids
394,Warehouse,27118 GRATIOT AVE,US,MI,ROSEVILLE,48066-2915,42.495856,-82.937296, Hearing Aids
1125,Warehouse,2020 COMMERCE DR NW,US,MN,ROCHESTER,55901-3246,44.05099,-92.52051, Hearing Aids
1087,Warehouse,14050 BURNHAVEN DR,US,MN,BURNSVILLE,55337-4407,44.748827,-93.293062, Hearing Aids
783,Warehouse,12011 TECHNOLOGY DR,US,MN,EDEN PRAIRIE,55344-3620,44.862129,-93.429645, Hearing Aids
377,Warehouse,5801 W 16TH ST,US,MN,SAINT LOUIS PARK,55416-1446,44.967617,-93.350369, Hearing Aids
1363,Warehouse,995 BLUE GENTIAN RD,US,MN,EAGAN,55121-1542,44.85736,-93.129481, Hearing Aids
648,Warehouse,11330 FOUNTAINS DR,US,MN,MAPLE GROVE,55369-7200,45.091573,-93.424037, Hearing Aids
1344,Warehouse,3636 2ND ST S,US,MN,SAINT CLOUD,56301-3732,45.549576,-94.202718, Hearing Aids
1272,Warehouse,7070 TAMARACK ROAD,US,MN,WOODBURY,55125-1205,44.938785,-92.963576, Hearing Aids
372,Warehouse,12547 RIVERDALE BLVD NW,US,MN,MINNEAPOLIS,55448-6708,45.198629,-93.350161, Hearing Aids
1021,Warehouse,1431 BEAM AVE,US,MN,MAPLEWOOD,55109-1064,45.028044,-93.040862, Hearing Aids
1122,Warehouse,13650 ELDER DR,US,MN,BAXTER,56425-8818,46.349445,-94.249024, Hearing Aids
1422,Warehouse,4611 W ARROWHEAD RD.,US,MN,DULUTH,55811,46.8233388,-92.1731843, Hearing Aids
1268,Warehouse,1600 NW 88TH ST,US,MO,KANSAS CITY,64155-2410,39.25469,-94.599115, Hearing Aids
375,Warehouse,241 E LINWOOD BLVD,US,MO,KANSAS CITY,64111-1119,39.068352,-94.582584, Hearing Aids
373,Warehouse,19040 E VALLEY VIEW PKWY,US,MO,INDEPENDENCE,64055-7004,39.036082,-94.355813, Hearing Aids
1486,Warehouse,279 N. EASTGATE AVENUE,US,MO,SPRINGFIELD,65802,37.210172,-93.223047, Hearing Aids
382,Warehouse,200 COSTCO WAY,US,MO,SAINT PETERS,63376-4385,38.796366,-90.608505, Hearing Aids
1060,Warehouse,301 HIGHLANDS BLVD DRIVE,US,MO,MANCHESTER,63011-4385,38.59694,-90.5054, Hearing Aids
368,Warehouse,4200 RUSTY RD,US,MO,SAINT LOUIS,63128-1973,38.5083,-90.3392, Hearing Aids
1366,Warehouse,700 HIGHLAND COLONY PKWY,US,MS,RIDGELAND,39157,32.422668,-90.146947, Hearing Aids
69,Warehouse,2290 KING AVE W,US,MT,BILLINGS,59102-7415,45.755016,-108.568754, Hearing Aids
96,Warehouse,2505 CATRON ST,US,MT,BOZEMAN,59718-7993,45.713402,-111.070516, Hearing Aids
633,Warehouse,2195 E CUSTER AVE,US,MT,HELENA,59602-1217,46.616667,-112.005798, Hearing Aids
67,Warehouse,3220 N RESERVE ST,US,MT,MISSOULA,59808-1556,46.894787,-114.03928, Hearing Aids
745,Warehouse,2330 US HIGHWAY 93 N,US,MT,KALISPELL,59901-2547,48.23532,-114.33055, Hearing Aids
1333,Warehouse,392 TALBERT RD,US,NC,MOORESVILLE,28117,35.582241,-80.852102, Hearing Aids
359,Warehouse,500 TYVOLA RD,US,NC,CHARLOTTE,28217-3504,35.161881,-80.884567, Hearing Aids
361,Warehouse,1085 HANES MALL BLVD,US,NC,WINSTON SALEM,27103-1310,36.0649,-80.3184, Hearing Aids
367,Warehouse,2125 MATTHEWS TOWNSHIP PKWY,US,NC,MATTHEWS,28105-5766,35.127071,-80.703649, Hearing Aids
339,Warehouse,4201 W WENDOVER AVE,US,NC,GREENSBORO,27407-1908,36.058,-79.884, Hearing Aids
249,Warehouse,1510 N POINTE DR,US,NC,DURHAM,27705-3405,36.027504,-78.914197, Hearing Aids
1206,Warehouse,1021 PINE PLAZA DR,US,NC,APEX,27523-6406,35.746682,-78.827298, Hearing Aids
1587,Warehouse,7800 FAYETTEVILLE RD.,US,NC,RALEIGH,27603,35.66786929,-78.6988198, Hearing Aids
645,Warehouse,2838 WAKE FOREST RD,US,NC,RALEIGH,27609-7840,35.818,-78.6225, Hearing Aids
635,Warehouse,5351 GINGERWOOD DR,US,NC,WILMINGTON,28405-3091,34.247273,-77.873289, Hearing Aids
1119,Warehouse,750 23RD AVE EAST,US,ND,WEST FARGO,58078-7804,46.844268,-96.88671, Hearing Aids
1380,Warehouse,1325 57TH AVE NE,US,ND,BISMARCK,58503-6581,46.8646835,-100.7712207, Hearing Aids
1285,Warehouse,1620 PINE LAKE ROAD,US,NE,LINCOLN,68512-3612,40.740257,-96.699317, Hearing Aids
1237,Warehouse,12515 PORTSIDE PARKWAY,US,NE,LA VISTA,68128-5622,41.17795,-96.10429, Hearing Aids
1012,Warehouse,12300 W DODGE RD,US,NE,OMAHA,68154-2382,41.263601,-96.102275, Hearing Aids
,,311 DANIEL WEBSTER HWY,US,NH,NASHUA,03060-5702,,, Hearing Aids
1415,Warehouse,650 GARDEN PARK BLVD,US,NJ,CHERRY HILL,08002-4250,39.92369,-75.04084, Hearing Aids
1236,Warehouse,2A WALTER E FORAN BLVD N,US,NJ,FLEMINGTON,08822-1613,40.5220021,-74.8525651, Hearing Aids
749,Warehouse,100 CENTERTON RD,US,NJ,MOUNT LAUREL,08054-6103,39.971254,-74.91201, Hearing Aids
1199,Warehouse,4100 QUAKERBRIDGE RD,US,NJ,LAWRENCE TOWNSHIP,08648-4702,40.28094,-74.67184, Hearing Aids
315,Warehouse,315 STATE ROUTE 15 N,US,NJ,WHARTON,07885-1222,40.906521,-74.570598, Hearing Aids
322,Warehouse,325 PROMENADE BLVD,US,NJ,BRIDGEWATER,08807-3457,40.564051,-74.555669, Hearing Aids
1174,Warehouse,100 GRAND AVENUE,US,NJ,NORTH BRUNSWICK,08902-5026,40.436314,-74.507129, Hearing Aids
1166,Warehouse,1290 US HIGHWAY 22E,US,NJ,NORTH PLAINFIELD,07060-3518,40.611762,-74.460034, Hearing Aids
244,Warehouse,156 SR-10 WEST,US,NJ,EAST HANOVER,07936-2107,40.811858,-74.3803836, Hearing Aids
323,Warehouse,205 VINEYARD RD,US,NJ,EDISON,08817-4785,40.528598,-74.377335, Hearing Aids
320,Warehouse,1055 HUDSON ST,US,NJ,UNION,07083-6809,40.693519,-74.290249, Hearing Aids
1177,Warehouse,149 STATE ROUTE 23,US,NJ,WAYNE,07470-6933,40.890574,-74.249549, Hearing Aids
1093,Warehouse,18 ROUTE 9 NORTH,US,NJ,MORGANVILLE,07751-1526,40.360854,-74.303594, Hearing Aids
306,Warehouse,20 BRIDEWELL PL,US,NJ,CLIFTON,07014-1724,40.83058,-74.135926, Hearing Aids
222,Warehouse,2835 ROUTE 35 N,US,NJ,HAZLET,07730-1516,40.4199625,-74.1729754, Hearing Aids
1025,Warehouse,245 STAFFORD PARK BLVD,US,NJ,STAFFORD TOWNSHIP,08050-2734,39.70977,-74.287038, Hearing Aids
1334,Warehouse,21 GOLDSBOROUGH DR,US,NJ,BAYONNE,7002,40.6731136,-74.1053398, Hearing Aids
1214,Warehouse,2 TETERBORO LANDING DR,US,NJ,TETERBORO,07608-1120,40.861256,-74.063649, Hearing Aids
729,Warehouse,80 S RIVER ST,US,NJ,HACKENSACK,07601-6954,40.87709,-74.04119,
739,Warehouse,465 ROUTE 70,US,NJ,BRICK,08723-4049,40.056498,-74.155128, Hearing Aids
329,Warehouse,2361 STATE ROUTE 66,US,NJ,OCEAN,07712-3961,40.24335,-74.04891, Hearing Aids
667,Warehouse,500 EUBANK BLVD SE,US,NM,ALBUQUERQUE,87123-3338,35.068,-106.5307, Hearing Aids
1016,Warehouse,9955 COORS BYPASS NW,US,NM,ALBUQUERQUE,87114-6196,35.195629,-106.662036, Hearing Aids
116,Warehouse,1420 N RENAISSANCE BLVD NE,US,NM,ALBUQUERQUE,87107-7008,35.137401,-106.616395, Hearing Aids
673,Warehouse,791 MARKS ST,US,NV,HENDERSON,89014-8601,36.069,-115.0373, Hearing Aids
737,Warehouse,6555 N. DECATUR BLVD,US,NV,LAS VEGAS,89131-2796,36.2783,-115.2093, Hearing Aids
1320,Warehouse,3411 SAINT ROSE PKWY,US,NV,HENDERSON,89052-4570,35.987559,-115.138791, Hearing Aids
685,Warehouse,801 S PAVILION CENTER DR,US,NV,LAS VEGAS,89144-4566,36.1626,-115.333, Hearing Aids
646,Warehouse,4810 GALLERIA PKWY,US,NV,SPARKS,89436-9605,39.579389,-119.740429, Hearing Aids
25,Warehouse,2200 HARVARD WAY,US,NV,RENO,89502-4000,39.506822,-119.7858, Hearing Aids
127,Warehouse,700 OLD CLEAR CREEK RD,US,NV,CARSON CITY,89705-6853,39.115779,-119.776127, Hearing Aids
1195,Warehouse,335 WESTFALL ROAD,US,NY,ROCHESTER,14620-4603,43.113911,-77.613645, Hearing Aids
1176,Warehouse,120 TOWNSHIP BLVD,US,NY,CAMILLUS,13031-1659,43.056663,-76.269757, Hearing Aids
316,Warehouse,2975 RICHMOND AVE,US,NY,STATEN ISLAND,10314-5851,40.572622,-74.16985, Hearing Aids
305,Warehouse,50 OVERLOOK BLVD,US,NY,NANUET,10954-5290,41.107345,-74.025694, Hearing Aids
318,Warehouse,976 3RD AVE,US,NY,BROOKLYN,11232-2400,40.654786,-74.007424, Hearing Aids
243,Warehouse,3250 VERNON BLVD,US,NY,LONG ISLAND CITY,11106-4927,40.767383,-73.937044,
1062,Warehouse,517 E 117TH ST,US,NY,NEW YORK,10035-4409,40.795683,-73.932547, Hearing Aids
321,Warehouse,20 STEW LEONARD DR,US,NY,YONKERS,10710-7204,40.973382,-73.863277, Hearing Aids
1070,Warehouse,6135 JUNCTION BLVD,US,NY,REGO PARK,11374-2771,40.7336,-73.863916, Hearing Aids
241,Warehouse,1 INDUSTRIAL LN,US,NY,NEW ROCHELLE,10805-1203,40.8984,-73.79402, Hearing Aids
310,Warehouse,605 ROCKAWAY TPKE,US,NY,LAWRENCE,11559-1047,40.631272,-73.738399, Hearing Aids
326,Warehouse,1 WESTCHESTER AVE,US,NY,PORT CHESTER,10573-4314,41.00851,-73.69127, Hearing Aids
1215,Warehouse,3705 HAMPTON RD,US,NY,OCEANSIDE,11572-4808,40.61925,-73.652515, Hearing Aids
226,Warehouse,1250 OLD COUNTRY RD,US,NY,WESTBURY,11590-5624,40.743759,-73.597842, Hearing Aids
237,Warehouse,625 BROADHOLLOW RD,US,NY,MELVILLE,11747-5006,40.758929,-73.42204, Hearing Aids
240,Warehouse,10 GARET PL,US,NY,COMMACK,11725-5421,40.806569,-73.286901, Hearing Aids
206,Warehouse,3000 MIDDLE COUNTRY RD,US,NY,NESCONSET,11767-1072,40.86209,-73.13349, Hearing Aids
230,Warehouse,125 BEACON DR,US,NY,HOLBROOK,11741-4309,40.776118,-73.05161, Hearing Aids
785,Warehouse,1768 OLD COUNTRY RD,US,NY,RIVERHEAD,11901-3146,40.92454,-72.703683, Hearing Aids
379,Warehouse,1100 E KEMPER RD,US,OH,SPRINGDALE,45246-3321,39.28639,-84.45158, Hearing Aids
384,Warehouse,9691 WATERSTONE BLVD,US,OH,CINCINNATI,45249-8220,39.29672,-84.301719, Hearing Aids
1185,Warehouse,5300 CORNERSTONE NORTH BLVD,US,OH,CENTERVILLE,45440-2268,39.6607561,-84.1085705, Hearing Aids
1194,Warehouse,26400 DIXIE HWY,US,OH,PERRYSBURG,43551-1967,41.534849,-83.635551, Hearing Aids
1007,Warehouse,3405 W CENTRAL AVE,US,OH,TOLEDO,43606-1402,41.677306,-83.627642, Hearing Aids
1243,Warehouse,7300 STATE ROUTE 161 E,US,OH,PLAIN CITY,43064-9276,40.109677,-83.189049, Hearing Aids
632,Warehouse,1500 GEMINI PL,US,OH,COLUMBUS,43240-7002,40.14842,-82.97776, Hearing Aids
1160,Warehouse,3888 STELZER RD,US,OH,COLUMBUS,43219-3044,40.051511,-82.908857, Hearing Aids
343,Warehouse,35804 DETROIT ROAD,US,OH,AVON,44011-1681,41.458475,-82.015908, Hearing Aids
625,Warehouse,16690 ROYALTON RD,US,OH,STRONGSVILLE,44136-4433,41.313032,-81.816754, Hearing Aids
1226,Warehouse,6720 BASS PRO DR,US,OH,BOSTON HEIGHTS,44236-1198,41.2632,-81.51267, Hearing Aids
344,Warehouse,1409 GOLDEN GATE BLVD,US,OH,CLEVELAND,44124-1808,41.5247,-81.447, Hearing Aids
1350,Warehouse,13200 N WESTERN AVE,US,OK,OKLAHOMA CITY,73114,35.604809,-97.530418, Hearing Aids
1207,Warehouse,10220 S MEMORIAL DR,US,OK,TULSA,74133-7179,36.016489,-95.886624, Hearing Aids
1444,Warehouse,2651 S. TELEPHONE RD,US,OK,MOORE,73160-0008,35.3132582,-97.4967976, Hearing Aids
101,Warehouse,2500 NE HIGHWAY 20,US,OR,BEND,97701-6277,44.05495,-121.269666, Hearing Aids
2,Warehouse,4849 NE 138TH AVE,US,OR,PORTLAND,97230-3401,45.556339,-122.52113, Hearing Aids
1287,Warehouse,3075 HAMRICK ROAD,US,OR,CENTRAL POINT,97502-2844,42.374211,-122.887231, Hearing Aids
97,Warehouse,13130 SE 84TH AVE,US,OR,CLACKAMAS,97015-9733,45.42789,-122.57543, Hearing Aids
766,Warehouse,25900 SW HEATHER PL,US,OR,WILSONVILLE,97070-5785,45.3332,-122.76613, Hearing Aids
111,Warehouse,7850 SW DARTMOUTH ST,US,OR,TIGARD,97223-8401,45.43634,-122.75622, Hearing Aids
17,Warehouse,2828 CHAD DR,US,OR,EUGENE,97408-7336,44.09015,-123.068374, Hearing Aids
9,Warehouse,15901 SW JENKINS RD,US,OR,ALOHA,97006-5045,45.507745,-122.841423, Hearing Aids
1492,Warehouse,4885 27TH AVE. SE,US,OR,SALEM,97306-6919,44.88446702,-123.0052314, Hearing Aids
682,Warehouse,3130 KILLDEER AVE SE,US,OR,ALBANY,97322-5359,44.639158,-123.065235, Hearing Aids
692,Warehouse,1255 NE 48TH AVE,US,OR,HILLSBORO,97124-5008,45.5355,-122.9347, Hearing Aids
1073,Warehouse,4141 NE STEPHENS ST,US,OR,ROSEBURG,97470-1161,43.259741,-123.351435, Hearing Aids
1059,Warehouse,1804 SE ENSIGN LN,US,OR,WARRENTON,97146-7339,46.145552,-123.915154, Hearing Aids
332,Warehouse,202 COSTCO DR,US,PA,PITTSBURGH,15205-4858,40.458051,-80.16722, Hearing Aids
328,Warehouse,1050 CRANBERRY SQUARE DR,US,PA,CRANBERRY TOWNSHIP,16066-6142,40.6916558,-80.1096754, Hearing Aids
649,Warehouse,501 WATERFRONT DR W,US,PA,HOMESTEAD,15120-5009,40.403942,-79.92017, Hearing Aids
327,Warehouse,5125 JONESTOWN RD STE 221,US,PA,HARRISBURG,17112-2983,40.312579,-76.800151, Hearing Aids
317,Warehouse,1875 HEMPSTEAD RD,US,PA,LANCASTER,17601-5671,40.051512,-76.256401, Hearing Aids
1211,Warehouse,791 N KROCKS RD,US,PA,ALLENTOWN,18106-9046,40.566948,-75.5581262, Hearing Aids
1081,Warehouse,14 W LIGHTCAP RD,US,PA,POTTSTOWN,19464-3413,40.238733,-75.575648, Hearing Aids
1114,Warehouse,700 EVERGREEN DR,US,PA,GLEN MILLS,19342-2102,39.88263,-75.53044, Hearing Aids
245,Warehouse,201 ALLENDALE RD,US,PA,KING OF PRUSSIA,19406-1634,40.09105,-75.38449, Hearing Aids
248,Warehouse,740 UPPER STATE RD,US,PA,NORTH WALES,19454-1403,40.23772,-75.23743, Hearing Aids
1103,Warehouse,100 VETERANS WAY,US,PA,WARMINSTER,18974-3533,40.196806,-75.08091, Hearing Aids
1005,Warehouse,1021 WOODRUFF RD,US,SC,GREENVILLE,29607-4108,34.835851,-82.312891, Hearing Aids
1008,Warehouse,211 W BLACKSTOCK RD,US,SC,SPARTANBURG,29301-1382,34.940102,-81.997852, Hearing Aids
1232,Warehouse,507 PINEY GROVE RD,US,SC,COLUMBIA,29210-3405,34.06848,-81.13864, Hearing Aids
360,Warehouse,3050 ASHLEY TOWN CENTER DR,US,SC,CHARLESTON,29414-5664,32.794859,-80.036849, Hearing Aids
1319,Warehouse,3525 PARK AVENUE BLVD,US,SC,MOUNT PLEASANT,29466-7242,32.880299,-79.794407, Hearing Aids
338,Warehouse,1021 OAK FOREST LN,US,SC,MYRTLE BEACH,29577-9795,33.706,-78.9158, Hearing Aids
1159,Warehouse,3700 S GRANGE AVE,US,SD,SIOUX FALLS,57105-6359,43.51246,-96.74089, Hearing Aids
352,Warehouse,2431 N GERMANTOWN PKWY,US,TN,CORDOVA,38016-4494,35.192081,-89.79259, Hearing Aids
353,Warehouse,3775 HACKS CROSS RD,US,TN,MEMPHIS,38125-2302,35.04596,-89.79595, Hearing Aids
630,Warehouse,6670 CHARLOTTE PIKE,US,TN,NASHVILLE,37209-4202,36.139,-86.884, Hearing Aids
386,Warehouse,98 SEABOARD LN,US,TN,BRENTWOOD,37027-2930,35.963141,-86.819009, Hearing Aids
1448,Warehouse,1524 BEASIE RD,US,TN,MURFREESBORO,37128,35.82625543,-86.41739894, Hearing Aids
1116,Warehouse,10745 KINGSTON PIKE,US,TN,KNOXVILLE,37934-3002,35.896339,-84.141262, Hearing Aids
1284,Warehouse,3650 W UNIVERSITY DR,US,TX,MCKINNEY,75071-2934,33.217619,-96.664438, Hearing Aids
1097,Warehouse,11220 DALLAS PKWY,US,TX,FRISCO,75033-4102,33.17101,-96.839302, Hearing Aids
1163,Warehouse,6020 34TH ST,US,TX,LUBBOCK,79407-3102,33.563294,-101.94455, Hearing Aids
684,Warehouse,1701 DALLAS PKWY,US,TX,PLANO,75093-4580,33.02287,-96.830185, Hearing Aids
664,Warehouse,3800 N CENTRAL EXPY,US,TX,PLANO,75074-2221,33.044569,-96.69958, Hearing Aids
683,Warehouse,851 STATE HIGHWAY 121 BYP,US,TX,LEWISVILLE,75067-4158,32.996785,-96.963762, Hearing Aids
669,Warehouse,2601 E STATE HIGHWAY 114,US,TX,SOUTHLAKE,76092-6668,32.942905,-97.112508, Hearing Aids
1173,Warehouse,8900 TEHAMA RIDGE PKWY,US,TX,FORT WORTH,76177-2004,32.899534,-97.32137, Hearing Aids
1266,Warehouse,8055 CHURCHILL WAY,US,TX,DALLAS,75251-2149,32.918992,-96.768165, Hearing Aids
1049,Warehouse,1225 STATE HIGHWAY 276,US,TX,ROCKWALL,75032-9376,32.908077,-96.446014, Hearing Aids
489,Warehouse,5300 OVERTON RIDGE BLVD,US,TX,FORT WORTH,76132-3301,32.676165,-97.405063, Hearing Aids
668,Warehouse,600 W ARBROOK BLVD,US,TX,ARLINGTON,76014-3702,32.684692,-97.11355, Hearing Aids
636,Warehouse,250 W HIGHWAY 67,US,TX,DUNCANVILLE,75137-4415,32.621388,-96.910871, Hearing Aids
,,4321 STATE HWY 6 SOUTH,US,TX,COLLEGE STATION,77845,,, Hearing Aids
1152,Warehouse,4601 183A TOLL RD,US,TX,CEDAR PARK,78613-6310,30.527962,-97.817368, Hearing Aids
1322,Warehouse,1901 KELLY LN,US,TX,PFLUGERVILLE,78660,30.47021,-97.58988, Hearing Aids
681,Warehouse,10401 RESEARCH BLVD,US,TX,AUSTIN,78759-5712,30.396036,-97.745815, Hearing Aids
641,Warehouse,4301 W WILLIAM CANNON DR BLDG A STE 100,US,TX,AUSTIN,78749-1499,30.221984,-97.83853, Hearing Aids
1189,Warehouse,8185 HIGHWAY 242,US,TX,CONROE,77385-4365,30.20803,-95.452502, Hearing Aids
1208,Warehouse,26960 NW FREEWAY,US,TX,CYPRESS,77433-4934,29.977881,-95.711488, Hearing Aids
1228,Warehouse,21802 TOWNSEN BLVD W.,US,TX,HUMBLE,77338-1594,30.02249,-95.267803, Hearing Aids
675,Warehouse,12405 N GESSNER RD,US,TX,HOUSTON,77064-1170,29.95352,-95.546778, Hearing Aids
693,Warehouse,1201 N LOOP 1604 E,US,TX,SAN ANTONIO,78232-1322,29.610691,-98.475696, Hearing Aids
689,Warehouse,5611 UTSA BLVD,US,TX,SAN ANTONIO,78249-1619,29.575153,-98.596255, Hearing Aids
1006,Warehouse,15330 IH-35 NORTH,US,TX,SELMA,78154-3814,29.5760192,-98.317466, Hearing Aids
768,Warehouse,6101 GATEWAY BLVD W SUITE #1,US,TX,EL PASO,79925-3416,31.78185,-106.41118, Hearing Aids
1167,Warehouse,23645 KATY FREEWAY,US,TX,KATY,77494-7221,29.784185,-95.787284, Hearing Aids
680,Warehouse,1150 BUNKER HILL RD,US,TX,HOUSTON,77055-6208,29.7875,-95.5296, Hearing Aids
1449,Warehouse,191 W LOOP 1604 S,US,TX,SAN ANTONIO,78245-4191,29.4318251,-98.71546982, Hearing Aids
1018,Warehouse,3836 RICHMOND AVE,US,TX,HOUSTON,77027-5802,29.732819,-95.438941, Hearing Aids
1146,Warehouse,17520 SOUTHWEST FWY,US,TX,SUGAR LAND,77479-2359,29.585567,-95.641551, Hearing Aids
1221,Warehouse,3500 BUSINESS CENTER DRIVE,US,TX,PEARLAND,77584-1952,29.544815,-95.390649, Hearing Aids
1330,Warehouse,1310 JASMINE AVE,US,TX,WEBSTER,77598,29.534451,-95.136838, Hearing Aids
1108,Warehouse,1501 W KELLY AVE,US,TX,PHARR,78577-5031,26.193844,-98.198963, Hearing Aids
1118,Warehouse,273 E 1000 N,US,UT,SPANISH FORK,84660-5844,40.122679,-111.648991, Hearing Aids
,,13126 S. EAGLES FLIGHT RD,US,UT,RIVERTON,84096,,, Hearing Aids
484,Warehouse,648 E 800 S,US,UT,OREM,84097-6528,40.282279,-111.679701, Hearing Aids
,,1160 N 1000 W,US,UT,LOGAN,84321,,, Hearing Aids
733,Warehouse,198 N 1200 E,US,UT,LEHI,84043-2294,40.389774,-111.82683, Hearing Aids
764,Warehouse,5201 S INTERMOUNTAIN DR,US,UT,MURRAY,84107-6024,40.658248,-111.890708, Hearing Aids
487,Warehouse,11100 S AUTO MALL DR,US,UT,SANDY,84070-4171,40.55135,-111.89396, Hearing Aids
735,Warehouse,573 W 100 N,US,UT,WEST BOUNTIFUL,84010-7018,40.890468,-111.892665, Hearing Aids
113,Warehouse,1818 S 300 W,US,UT,SALT LAKE CITY,84115-1805,40.730914,-111.89972, Hearing Aids
622,Warehouse,3747 S 2700 W,US,UT,SALT LAKE CITY,84119-3721,40.689735,-111.9112, Hearing Aids
1383,Warehouse,1083 N REDWOOD RD.,US,UT,SARATOGA SPRINGS,84045,40.382286,-111.918153, Hearing Aids
1019,Warehouse,3571 W 10400 S,US,UT,SOUTH JORDAN,84095-7173,40.559958,-111.975383, Hearing Aids
770,Warehouse,3656 WALL AVE,US,UT,OGDEN,84405-7101,41.196896,-111.979432, Hearing Aids
672,Warehouse,835 N 3050 E,US,UT,SAINT GEORGE,84790-9041,37.125261,-113.521711, Hearing Aids
238,Warehouse,1830 RESERVOIR ST,US,VA,HARRISONBURG,22801-8742,38.428084,-78.855443, Hearing Aids
1184,Warehouse,3171 DISTRICT AVE,US,VA,CHARLOTTESVILLE,22901-2784,38.067361,-78.489271, Hearing Aids
239,Warehouse,251 FRONT ROYAL PIKE,US,VA,WINCHESTER,22602-7319,39.157591,-78.158969, Hearing Aids
337,Warehouse,1300 EDWARDS FERRY RD NE,US,VA,LEESBURG,20176-3355,39.1152,-77.5334, Hearing Aids
225,Warehouse,10701 SUDLEY MANOR DR,US,VA,MANASSAS,20109-2845,38.787114,-77.515497, Hearing Aids
334,Warehouse,14390 CHANTILLY CROSSING LN,US,VA,CHANTILLY,20151-2117,38.897556,-77.444961, Hearing Aids
218,Warehouse,21398 PRICE CASCADES PLZ,US,VA,STERLING,20164-6606,39.023131,-77.404245, Hearing Aids
340,Warehouse,3102 PLANK RD # 600,US,VA,FREDERICKSBURG,22407-4900,38.294831,-77.516509, Hearing Aids
204,Warehouse,4725 W OX RD,US,VA,FAIRFAX,22030-6125,38.850776,-77.372753, Hearing Aids
626,Warehouse,2700 POTOMAC MILLS CIRCLE,US,VA,WOODBRIDGE,22192-4653,38.6451,-77.299599, Hearing Aids
1089,Warehouse,1401 MALL DR,US,VA,NORTH CHESTERFIELD,23235-4887,37.511214,-77.60683, Hearing Aids
205,Warehouse,9650 W BROAD ST,US,VA,GLEN ALLEN,23060-4115,37.641183,-77.559916, Hearing Aids
227,Warehouse,7373 BOSTON BLVD,US,VA,SPRINGFIELD,22153-2805,38.739323,-77.199818, Hearing Aids
1115,Warehouse,7940 RICHMOND HWY,US,VA,ALEXANDRIA,22306-7826,38.74157,-77.08621, Hearing Aids
233,Warehouse,1200 S FERN ST,US,VA,ARLINGTON,22202-2862,38.86176,-77.05656, Hearing Aids
247,Warehouse,12121 JEFFERSON AVE,US,VA,NEWPORT NEWS,23602-6916,37.106494,-76.495036, Hearing Aids
202,Warehouse,850 GLENROCK RD,US,VA,NORFOLK,23502-3702,36.851621,-76.20056, Hearing Aids
314,Warehouse,218 LOWER MOUNTAIN VIEW DR,US,VT,COLCHESTER,05446-5830,44.505687,-73.17681, Hearing Aids
103,Warehouse,301 5TH ST,US,WA,CLARKSTON,99403-1860,46.42297,-117.04445, Hearing Aids
670,Warehouse,5601 E SPRAGUE AVE,US,WA,SPOKANE,99212-0826,47.657134,-117.332791, Hearing Aids
1298,Warehouse,12020 N NEWPORT HWY,US,WA,SPOKANE,99218-1655,47.766885,-117.385353, Hearing Aids
486,Warehouse,8505 W. GAGE BLVD,US,WA,KENNEWICK,99336-8120,46.2262,-119.2354, Hearing Aids
1013,Warehouse,2310 LONGFIBRE RD,US,WA,UNION GAP,98903-1513,46.565163,-120.496166, Hearing Aids
112,Warehouse,375 HIGHLINE DR,US,WA,EAST WENATCHEE,98802-5344,47.401881,-120.28174, Hearing Aids
1086,Warehouse,19610 SE 1ST ST,US,WA,CAMAS,98607-7472,45.622097,-122.473118, Hearing Aids
772,Warehouse,6720 NE 84TH ST,US,WA,VANCOUVER,98665-2016,45.683906,-122.603549, Hearing Aids
1278,Warehouse,9801 204TH AVE E,US,WA,BONNEY LAKE,98391-6559,47.165782,-122.1583972, Hearing Aids
1029,Warehouse,27520 COVINGTON WAY SE,US,WA,COVINGTON,98042-9100,47.35514,-122.120892, Hearing Aids
110,Warehouse,1801 10TH AVE NW,US,WA,ISSAQUAH,98027-5384,47.550811,-122.049851, Hearing Aids
660,Warehouse,1201 39TH AVE SW,US,WA,PUYALLUP,98373-3803,47.156,-122.3088, Hearing Aids
61,Warehouse,35100 ENCHANTED PKWY S,US,WA,FEDERAL WAY,98003-8314,47.287153,-122.313542, Hearing Aids
6,Warehouse,400 COSTCO DR STE 150,US,WA,TUKWILA,98188-4808,47.44467,-122.25102, Hearing Aids
1225,Warehouse,7725 188TH AVE NE,US,WA,REDMOND,98052-6088,47.66664,-122.16378, Hearing Aids
8,Warehouse,8629 120TH AVE NE,US,WA,KIRKLAND,98033-5822,47.6807426,-122.1827165, Hearing Aids
747,Warehouse,24008 SNOHOMISH WOODINVILLE RD,US,WA,WOODINVILLE,98072-9743,47.779256,-122.148548, Hearing Aids
1,Warehouse,4401 4TH AVE S,US,WA,SEATTLE,98134-2311,47.564661,-122.32941, Hearing Aids
95,Warehouse,2219 S 37TH ST,US,WA,TACOMA,98409-7473,47.2248,-122.4672, Hearing Aids
114,Warehouse,10200 19TH AVE SE,US,WA,EVERETT,98208-4256,47.905142,-122.207003, Hearing Aids
1190,Warehouse,18109 33RD AVE W,US,WA,LYNNWOOD,98037-4840,47.83425,-122.27592, Hearing Aids
106,Warehouse,1175 N 205TH ST,US,WA,SHORELINE,98133-3206,47.7757,-122.3442, Hearing Aids
642,Warehouse,16616 TWIN LAKES AVE,US,WA,MARYSVILLE,98271-4701,48.14773,-122.18866, Hearing Aids
624,Warehouse,10990 HARBOR HILL DR NW,US,WA,GIG HARBOR,98332-8945,47.3573,-122.604444, Hearing Aids
740,Warehouse,1470 MARVIN RD NE,US,WA,LACEY,98516-3870,47.060016,-122.760496, Hearing Aids
64,Warehouse,5500 LITTLEROCK RD SW,US,WA,TUMWATER,98512-7363,46.997133,-122.91788, Hearing Aids
13,Warehouse,10000 MICKELBERRY RD NW,US,WA,SILVERDALE,98383-8302,47.654353,-122.682293, Hearing Aids
662,Warehouse,1725 S BURLINGTON BLVD,US,WA,BURLINGTON,98233-3223,48.453687,-122.33793, Hearing Aids
1216,Warehouse,4125 ARCTIC AVE,US,WA,BELLINGHAM,98226-9325,48.78952,-122.46177, Hearing Aids
639,Warehouse,955 W WASHINGTON ST,US,WA,SEQUIM,98382-3266,48.078717,-123.124851, Hearing Aids
1020,Warehouse,2150 DEMING WAY,US,WI,MIDDLETON,53562-5507,43.097728,-89.52346, Hearing Aids
,,1000 BATKER COURT,US,WI,VERONA,53593,,, Hearing Aids
1121,Warehouse,2850 HOEPKER RD,US,WI,SUN PRAIRIE,53590-9334,43.16505,-89.27459, Hearing Aids
1101,Warehouse,443 PEWAUKEE RD,US,WI,PEWAUKEE,53072-5886,43.089757,-88.230383, Hearing Aids
1212,Warehouse,15300 WEST GRANGE AVE,US,WI,NEW BERLIN,53151-7909,42.945088,-88.105872, Hearing Aids
1198,Warehouse,7707 94TH AVE,US,WI,PLEASANT PRAIRIE,53158-1955,42.564492,-87.921497, Hearing Aids
1209,Warehouse,W162N9235 PERSHING AVE,US,WI,MENOMONEE FALLS,53051-4026,43.183364,-88.112357, Hearing Aids
628,Warehouse,950 PORT WASHINGTON RD,US,WI,GRAFTON,53024-9201,43.31051,-87.924991, Hearing Aids
1222,Warehouse,5401 W. INTEGRITY WAY,US,WI,GRAND CHUTE,54913-8602,44.270614,-88.487826, Hearing Aids
1162,Warehouse,2355 COSTCO WAY,US,WI,BELLEVUE,54311-9206,44.458414,-87.98932, Hearing Aids
,,200 AVE RAFAEL CORDERO,US,PR,CAGUAS BAIROA WARD,00725-4302,,, Hearing Aids
,,1185 AVE 65 INFANTERIA,US,PR,SAN JUAN,00924-3403,,, Hearing Aids
,,125 CALLE A,US,PR,BAYAMON,959,,, Hearing Aids
,,CARR 176 KM 0.5,US,PR,SAN JUAN,926,,,
,,"PR-2, KM 15.5",US,PR,BAYAMON,961,,, Hearing Aids
827,Warehouse,3801 N 33RD AVE,US,AZ,PHOENIX,85017-4508,33.491791,-112.12838,
564,Warehouse,12530 PRAIRIE AVE,US,CA,HAWTHORNE,90250-4638,33.918617,-118.342575,
453,Warehouse,5101 BUSINESS CENTER DR,US,CA,FAIRFIELD,94534-1624,38.21655,-122.14443, Hearing Aids
823,Warehouse,22330 HATHAWAY AVE,US,CA,HAYWARD,94541-4861,37.667459,-122.102598,
651,Warehouse,2101 WATERBRIDGE BLVD,US,FL,ORLANDO,32837-9283,28.4034,-81.4069,
652,Warehouse,3311 BROADWAY ST NE,US,MN,MINNEAPOLIS,55413-4553,44.99941,-93.21584,
563,Warehouse,222 S MARTIN L KING BLVD,US,NV,LAS VEGAS,89106-4305,36.171958,-115.16267,
655,Warehouse,8282 PARK LN,US,TX,DALLAS,75231-6023,32.871392,-96.762924,
115,Warehouse,19105 HIGHWAY 99,US,WA,LYNNWOOD,98036-5228,47.825973,-122.310977,
947,Warehouse,3680 E GUASTI RD,US,CA,ONTARIO,91761,34.064182,-117.573234,
1581,Warehouse,150 S. BENT AVE,US,CA,SAN MARCOS,92078,33.13715063,-117.1835274,
943,Warehouse,13225 BEACH BLVD,US,CA,WESTMINSTER,92683-9210,33.767764,-117.990641,
893,Warehouse,3360 EL CAMINO AVE,US,CA,SACRAMENTO,95821-6308,38.607497,-121.386672,
848,Warehouse,2376 S EVERGREEN LOOP,US,CA,SAN JOSE,95122,37.3178543,-121.8109559,
650,Warehouse,400 S ZUNI ST,US,CO,DENVER,80223-1969,39.70884,-105.01568,
1487,Warehouse,12717 NETWORK DR,US,TX,STAFFORD,77477,29.638677,-95.57751,
767,Warehouse,3900 20TH ST E,US,WA,FIFE,98424-1818,47.239,-122.37509,
